node,degree,shell,x,y,is_hub
0,44,0,-0.010141895003953086,0.018911414527257933,1
1,34,0,-0.010685811234852786,-0.079558491594791975,1
2,10,1,-0.059823190707697066,0.14126675792159865,0
3,18,1,-0.060850622966636285,0.16005826987035499,0
4,38,0,-0.04358667146086076,-0.0075479224504273468,1
5,27,0,0.086469742898380525,-0.010092627503899887,1
6,60,0,0.025357434143779417,0.031476014903349309,1
7,37,0,-0.03253045695664894,-0.048758136292451182,1
8,23,1,-0.13709014530289221,0.067504842999867629,0
9,19,1,-0.15487818671988549,0.074387739251237053,0
10,19,1,-0.057970903866651942,0.15967921907213078,0
11,27,0,0.063653511017979975,0.022760807534087379,1
12,17,1,-0.12402241083465575,-0.17068770557737892,0
13,10,2,-0.093421334538774992,0.29446951365321239,0
14,22,1,0.068156986525357219,0.15602827298713412,0
15,7,1,-0.10240268839471663,-0.16540547345188297,0
16,28,0,0.060895674160556329,-0.078863411344993389,1
17,14,2,0.12064869125688921,0.29515848379612397,0
18,12,1,0.10618299886026403,-0.21999332657501183,0
19,33,0,0.025357434143779417,-0.097517456476139908,1
20,20,1,-0.11983365589946457,-0.15633997545116293,0
21,5,1,0.12120973819696196,-0.20137642201060094,0
22,17,1,-0.016338537172036809,-0.21113130735544403,0
23,9,1,-0.17004787857691428,0.07517166642957876,0
24,12,1,-0.015549665422866413,-0.24439174599976918,0
25,6,2,0.10442345826490979,0.32575746894912794,0
26,12,1,0.069203577767551178,0.17572540536202336,0
27,7,1,0.061738377139996456,0.19326274720300768,0
28,15,1,-0.073140585280814838,0.17409063737638569,0
29,28,0,0.080646708913708537,-0.047913794663719506,1
30,7,1,0.060502893537475899,0.19722649587281588,0
31,4,1,-0.14816831513936252,0.040237493788827107,0
32,3,1,0.026981680638407363,0.17110729580170508,0
33,20,1,-0.050768110496232068,0.14904378947942515,0
34,23,1,0.18382876190723427,-0.12501788712686285,0
35,9,2,-0.10812975503749461,0.32186179394838654,0
36,13,1,0.069819173887666314,0.17065206634720434,0
37,19,1,-0.12461898777442432,-0.16578200962359765,0
38,17,1,-0.065351593050670648,0.16381427355897599,0
39,14,2,0.12344690591049132,0.3096131700156658,0
40,5,2,-0.11291729769275241,0.27405478390972671,0
41,9,1,-0.13320940893568031,-0.18534252994285086,0
42,7,1,-0.10799388870486668,-0.17702421027031831,0
43,8,2,0.10744224453223702,0.2915626793046015,0
44,5,2,0.089631701057171248,0.30886345361232515,0
45,3,1,-0.17323669908150768,-0.094476365741734042,0
46,8,1,0.059520465531618827,0.16949353405789414,0
47,3,1,0.025357434143779431,0.18083704173415555,0
48,13,2,-0.083997082126343173,0.27988917590202111,0
49,5,1,-0.15960136765829347,0.058657240085498802,0
50,9,1,-0.18130332632040458,-0.059106678580912314,0
51,2,1,-0.10207607683605849,-0.22481710745679959,0
52,6,2,0.10425089308790475,0.33164300324458845,0
53,8,1,0.11981107742621841,-0.21739995270213078,0
54,12,2,0.11624827265881862,0.29910617047706567,0
55,9,1,-0.13153919438680178,-0.18987519898376345,0
56,7,1,-0.063800193446570827,0.14403564544795375,0
57,3,1,0.023520917823562151,0.1973830068762143,0
58,13,2,-0.23808828961113176,-0.23166027063746811,0
59,9,2,-0.29452386428423016,0.17608734542453675,0
60,10,1,-0.010242748151954501,-0.23778201862916412,0
61,14,2,-0.25355955200870273,0.16217547043296729,0
62,9,2,0.3048252577051872,-0.22245334101531947,0
63,12,2,0.12029123911429312,0.31904877805992027,0
64,17,1,-0.016205764872322843,-0.22752251018972705,0
65,3,2,0.049002751128222846,0.32564226880715774,0
66,5,1,0.004894199118081595,-0.24642763486277278,0
67,11,2,-0.26507381894846616,0.16571742798016476,0
68,4,2,-0.14754363663153808,0.30742734233593016,0
69,7,2,-0.10197631468534961,0.28870108381788029,0
70,8,2,-0.31708420786657937,-0.046181297963217988,0
71,6,1,0.054679461997372086,0.18221804001963732,0
72,7,1,0.1692975903315127,0.11270469606151413,0
73,3,1,0.1564834087300396,-0.19868285508550762,0
74,10,1,-0.17798471249837877,-0.055038435937994873,0
75,10,2,0.11830212170367665,0.32258633541865334,0
76,2,1,0.036166752918157838,-0.22089614981432013,0
77,5,1,0.043796746550465893,0.17700889207737774,0
78,2,2,0.011538943745295724,-0.38356668291920415,0
79,11,1,0.1109660343227841,-0.21977835993586722,0
80,13,1,-0.16394568845186558,-0.049969128716409544,0
81,5,2,0.089859459766884198,0.3174688990091632,0
82,3,1,-0.19036256586958591,0.04200743149997789,0
83,6,2,0.097618985282181048,0.30757131220561351,0
84,5,1,0.042744050838941727,0.1848064116577488,0
85,11,1,0.068732523995675657,0.19096052419954329,0
86,15,2,0.12163885004561312,0.29384586014274838,0
87,5,1,-0.067379841632172158,0.13157983402472914,0
88,2,1,-0.069828848041861527,-0.18195038384961479,0
89,3,1,-0.10363630995712796,0.15211458028125424,0
90,4,1,0.22708629462283897,-0.13114371945419301,0
91,5,1,-0.16356615932216526,0.056959699885785961,0
92,12,2,0.11888270995212058,0.31924998814432787,0
93,2,1,-0.077417781556878645,-0.20147907732026268,0
94,4,2,-0.14354712129657068,0.29494121513365534,0
95,7,2,-0.35162327514058622,-0.056228905584150002,0
96,3,2,0.16110272464856246,-0.35846317708589126,0
97,5,1,0.22710090697666396,-0.0037603377987952824,0
98,8,1,-0.16837206568677249,-0.064194782279083623,0
99,5,2,-0.28151648604280244,0.14600240809399795,0
100,14,2,0.12349543135847932,0.31482612995986792,0
101,3,1,0.017856448430876373,-0.22882477691360284,0
102,5,2,0.090146849478602908,0.32677433267300243,0
103,6,1,0.052083157328256996,0.17566689117916906,0
104,5,3,-0.39474606055738048,0.23758315388790313,0
105,2,1,-0.098957568382280842,0.11771813039390369,0
106,2,2,-0.18548082868933219,-0.31291350547516217,0
107,8,1,-0.0086445106562547183,-0.25371989910289394,0
108,4,2,-0.12680945775060679,0.25861657769760449,0
109,8,1,-0.18113529253256802,-0.07016790330549566,0
110,5,2,-0.1178413617803651,0.28006470866116023,0
111,4,1,0.15104029941379304,-0.21524348535219265,0
112,4,2,0.076223040147352289,0.3294196021264042,0
113,6,3,0.1576490529391289,0.44462591601228418,0
114,5,2,-0.23425138589460964,-0.25475013768932542,0
115,4,2,0.13822339325813698,-0.34973672383147558,0
116,2,1,-0.10502076303985257,0.12123008690263423,0
117,6,2,-0.3219065412864392,-0.065826037238856661,0
118,7,2,0.10514423246538337,0.31013693823593508,0
119,9,1,-0.19054681463232528,-0.064252071083196804,0
120,5,2,-0.12818026123357407,0.29741292939431957,0
121,9,1,0.11512147537936029,-0.21807101478015592,0
122,9,2,-0.32537721407298448,-0.04266862336115701,0
123,8,2,0.10815466109139055,0.29971984667475199,0
124,9,2,-0.091776573330946881,0.27341000108180469,0
125,9,1,-0.16841578505302446,0.070428185274987537,0
126,3,2,-0.30141810196935781,-0.093431527397347086,0
127,4,1,0.22439828947017348,0.012754475394446879,0
128,6,2,-0.33075026996506751,-0.070745363101506448,0
129,6,2,-0.10660827431087659,0.28420802318614036,0
130,7,2,-0.24225677793373482,-0.2400119308584108,0
131,9,1,0.06027454234584266,0.15580888566806178,0
132,6,1,0.00248493261547722,-0.23132352662697711,0
133,3,2,0.048407297526038881,0.33841422824607892,0
134,5,2,-0.12358652777810639,0.28285457441841722,0
135,6,1,-0.20070396385084993,-0.082203545875986217,0
136,5,2,0.087760443833387686,0.32143523368926008,0
137,7,1,0.19823076734477196,-0.12498713946785298,0
138,11,2,-0.068960127510590205,-0.347139845064806,0
139,7,1,0.053197456019109662,0.16015711220781886,0
140,8,1,0.17586619836311371,0.10107064022123126,0
141,3,2,-0.22319228874368943,-0.29104337440334493,0
142,2,2,0.011199375605020684,0.29938564366116027,0
143,12,1,0.070125489081361556,0.18869722166824471,0
144,10,2,-0.099392824154882237,0.30471375743529616,0
145,7,2,-0.31298646584876488,-0.05731802931587085,0
146,6,2,-0.25683216630074801,-0.2569977094982776,0
147,6,1,0.052388526763122112,0.19203138356144195,0
148,4,1,0.20214000416334565,-0.11449753800201912,0
149,7,2,0.10410070155855711,0.31168407217827704,0
150,4,2,0.075639177003438474,0.33557753107660693,0
151,3,1,-0.17996580685175478,-0.10063534839306071,0
152,7,1,-0.18286877543515515,-0.074279197100383137,0
153,2,1,0.22831643236815774,0.05013984694630326,0
154,6,1,0.129363793621316,-0.22574512693697316,0
155,3,2,0.046789612297407301,0.33545350830420373,0
156,8,2,0.10934844882702854,0.31008922224881041,0
157,5,2,0.082283143258418845,0.29802872977200595,0
158,5,2,0.081987640449887406,0.3040637353891335,0
159,3,1,0.022177161479313298,0.16687214090435293,0
160,5,1,-0.15402618182507588,-0.078045891612627316,0
161,2,3,-0.42342247883640582,0.1526464754503295,0
162,2,2,0.0088089735543029138,0.32286997324429723,0
163,5,2,-0.12773455628804736,0.28678807199078871,0
164,4,1,0.008854534625497755,-0.24841080272698027,0
165,15,1,-0.16704971230061619,-0.046918026377256949,0
166,6,2,0.097484151155059789,0.31348864485270311,0
167,2,1,-0.11921129980190009,0.13370423731017389,0
168,4,2,-0.13724779550416827,0.27409548950712509,0
169,3,2,-0.30175680688947537,-0.097279221233824015,0
170,5,2,-0.30367737820077217,-0.075075388852023639,0
171,2,1,0.040142514632767468,-0.2256707101119825,0
172,7,1,-0.11569271834415486,-0.19180161055677161,0
173,3,1,-0.092679291797120297,-0.18272360265032714,0
174,4,3,0.14753499360959205,0.45061436624242857,0
175,6,2,-0.3531199745799411,-0.077576201651208737,0
176,2,1,0.1648683387724664,-0.20170482988765334,0
177,3,1,-0.10393470956818034,0.14800614876356571,0
178,6,2,-0.24967899547664699,-0.25675239061861477,0
179,8,2,0.11017301132507129,0.31928098155330142,0
180,5,1,0.12926167049919079,-0.20672639773866183,0
181,4,2,0.071001899010969594,0.31174668232493336,0
182,2,2,-0.19056316624924019,0.25138852439353526,0
183,7,2,-0.29570353597081467,-0.05951578279962097,0
184,5,2,0.084081965777217688,0.32481846214121829,0
185,13,1,-0.15914661204173713,0.073050057043845096,0
186,6,3,-0.35668037325959573,-0.32246202446146044,0
187,2,1,0.12691771244068767,0.15636971807707184,0
188,5,1,-0.18115850899563019,0.061176737186635959,0
189,2,2,-0.30344501821336012,-0.14083941004368494,0
190,6,2,-0.10820389998300174,0.28287831396474683,0
191,8,2,-0.32321422993941373,-0.050357644722942296,0
192,2,2,0.34902485637174985,-0.17731653845291381,0
193,4,2,-0.14017573522561064,0.27527132636839369,0
194,7,2,-0.11216403949186896,0.30844804228546396,0
195,7,2,0.28767346730465287,0.17089686600118048,0
196,2,1,-0.18298769556476618,0.025377047595437546,0
197,8,2,0.10619339059756733,0.30865602774606282,0
198,3,2,-0.15048691806626133,0.25345783600702615,0
199,9,1,0.060292621298774551,0.16454626193461991,0
200,3,1,0.021525674207311579,-0.23320632228261792,0
201,2,1,0.17105870367877965,-0.20163273517361438,0
202,5,2,-0.22808942831999002,-0.25481171651287793,0
203,2,1,0.20651923731867555,0.045879691567829319,0
204,4,1,0.23615570677439141,0.019831940560613243,0
205,3,2,0.043103331070458911,0.29426405439582831,0
206,5,2,-0.23518217646140049,-0.26677277505974983,0
207,4,1,-0.11493477010130163,-0.19747314665685753,0
208,2,1,0.0050989105374152563,0.19742725191630189,0
209,2,1,-0.078479158615924943,-0.21124537139276198,0
210,2,1,0.23538507007575588,-0.11617348895566273,0
211,5,2,-0.11994599995867691,0.26624743719991906,0
212,6,2,0.097770428627116629,0.32167400813572933,0
213,7,1,0.17059075737746407,0.12360003433351807,0
214,2,1,-0.12217154347353842,0.13310138628260171,0
215,4,3,-0.45083020149581576,-0.041919641420369774,0
216,5,2,0.083524765131828271,0.33017690506916575,0
217,7,2,-0.067282912166221523,-0.36030526718325473,0
218,4,2,-0.045642791643259815,-0.36157833202276257,0
219,4,2,-0.042744169505273044,-0.37422837338734538,0
220,3,2,-0.17050220707261049,0.28164044754769907,0
221,5,1,0.22983818664152533,0.00088267065439824599,0
222,2,1,-0.13034931625099958,0.13807489051259372,0
223,5,1,0.14358019766735389,0.11243633896012067,0
224,7,1,0.21621434286850266,-0.013117133070927725,0
225,3,2,-0.026714061921863735,-0.37821040743148016,0
226,11,2,-0.27894568203002146,0.17052758371059909,0
227,3,2,-0.22936022148991311,-0.30405806335040531,0
228,5,1,-0.175467166143013,-0.087558091550765049,0
229,8,1,-0.14692315637615683,0.055913056757053881,0
230,3,1,-0.15558234906328727,0.027285300231068482,0
231,5,3,0.16029838454724496,0.46506575837225539,0
232,3,2,0.16902413055432705,-0.35329242369525748,0
233,3,2,-0.020823863895316753,-0.37566387297088921,0
234,4,1,-0.093336374295818231,0.1557222600385349,0
235,7,1,0.17689958293897645,0.14101135485260344,0
236,7,2,-0.2747404148639328,0.15899068497198759,0
237,3,2,-0.32786453529353737,-0.10675544819953264,0
238,8,1,0.16870703766948345,0.10321949391713431,0
239,3,2,-0.28690901607520192,0.1163080856442473,0
240,2,1,0.0064096881840819825,0.16489546074031991,0
241,4,2,0.37195321761732369,-0.021236483605968026,0
242,4,1,-0.15802361065700918,0.040915630272041134,0
243,6,1,0.050192065846095049,0.18870009209488262,0
244,4,2,0.070179790911839776,0.31587903158200004,0
245,4,2,0.068415679814457453,0.31276388040807224,0
246,9,3,0.16070678959594312,0.42523161627194939,0
247,6,2,0.097914565331772452,0.32947401903712203,0
248,3,2,-0.31955015935646786,-0.10897284597992138,0
249,5,1,0.041750800584420419,0.19512985169645367,0
250,2,2,-0.31741389783129836,0.08142393676215455,0
251,2,3,-0.22061611976013068,0.40143826653483561,0
252,7,1,-0.066626224377613827,0.14440459736564018,0
253,4,2,0.34857877623325845,-0.20764165680221833,0
254,7,1,0.0010864311177520708,-0.21282572788520612,0
255,2,1,-0.10629253812037492,0.10876559146319492,0
256,3,1,0.21155497218055169,0.026344506769383963,0
257,3,2,-0.33016715229505028,-0.11557577469449509,0
258,4,2,0.068532294253361117,0.32489171574988934,0
259,6,1,-0.080194642736260424,0.16447907592777883,0
260,6,2,-0.11393203629723171,0.29109088277232814,0
261,3,1,0.14308021368699689,0.14360948930108977,0
262,11,2,-0.091680987222435131,0.29559121258397791,0
263,3,1,0.22227651218838229,0.034033666720179837,0
264,6,1,-0.078838474882315518,0.15664837135800019,0
265,6,1,-0.18115542177713009,-0.081485779404775388,0
266,5,2,-0.30120651218181449,0.15283912523481052,0
267,4,2,-0.32128774136086174,-0.085367773421438642,0
268,8,1,0.20271446344754473,-0.13185167209337323,0
269,13,2,-0.32075900826972237,-0.038649907303094255,0
270,4,3,0.15004520811609845,0.47251281066333184,0
271,3,1,0.2204204211283648,-0.11876232686788099,0
272,2,2,-0.18214265447063735,0.23717300264691277,0
273,4,3,0.14750801109081729,0.4746250105335027,0
274,5,3,0.15143389565640047,0.44320306163507173,0
275,6,2,-0.12220706822245846,0.30479689819408984,0
276,4,2,-0.15303292362240722,0.29444409294471396,0
277,6,2,0.095252051040650626,0.32339428735879638,0
278,4,2,-0.27717395643399206,0.13127743337529796,0
279,3,2,-0.30073657997663578,-0.11233327042488639,0
280,5,2,-0.12562585752152353,0.27333420554796428,0
281,7,2,-0.065037474117757163,-0.37281356311334457,0
282,4,2,0.069493717229183766,0.34500183651380145,0
283,2,2,-0.18736412996413404,0.24061892625164427,0
284,14,2,0.12057647544242692,0.30960246883199488,0
285,4,3,-0.3367832249055373,-0.35798940360870057,0
286,3,3,-0.40950322437108061,0.20468885948313528,0
287,3,1,-0.089883544564779705,0.12475923065858596,0
288,8,3,0.15980390953293747,0.43185334712348022,0
289,3,1,0.020182106910166281,0.1835553542200257,0
290,3,2,-0.31094968338945855,-0.11890200679730434,0
291,7,2,-0.11790713267500585,0.31676195868596868,0
292,6,2,-0.25830948593565417,0.14057208007367777,0
293,2,2,-0.32526940322890424,0.079988177745930922,0
294,2,2,-0.29529937048169763,-0.14207734171293965,0
295,7,2,-0.061581813389000747,-0.38192361231076477,0
296,2,2,0.36381363185560905,0.040696315658950662,0
297,2,2,0.017035849815587104,-0.38498267281495946,0
298,2,2,-0.18821316315086173,0.23845839252511217,0
299,3,3,0.13057933697622434,0.46639662732116127,0
300,4,2,-0.15516514086518901,0.29382950229344384,0
301,2,1,-0.19191789669701093,0.024134720772209933,0
302,2,3,0.079815096574552297,0.45597627074602598,0
303,5,2,-0.28139815910431992,0.13761700105774455,0
304,3,2,-0.20264843448393788,-0.28131648052618707,0
305,2,1,0.2320204945297627,-0.11027456778197398,0
306,3,1,-0.15691188972470255,-0.096267659661832122,0
307,4,1,-0.12089682802845739,-0.21173981290769148,0
308,5,2,0.082808445025485067,0.33478626876287387,0
309,6,3,-0.35754283422958066,0.23380164212556942,0
310,2,2,-0.20246747110617078,0.25296631532420033,0
311,3,3,0.11869010733178331,0.42307848843872964,0
312,3,2,-0.17063467842840635,0.27784763051261308,0
313,6,2,0.31368523008234234,-0.21805119441385171,0
314,5,1,0.037972612502533129,0.16497860947864451,0
315,2,1,-0.16520389881173014,0.014340181671832541,0
316,3,2,-0.30540488307540309,0.12082769290878828,0
317,3,3,-0.11441354246669558,-0.5,0
318,5,1,-0.073014102649399906,0.13676522374314409,0
319,4,2,-0.32377467430315243,-0.089752902904816967,0
320,6,1,0.045731664795938265,0.16334229836346148,0
321,5,1,-0.19466665789707449,0.063064385030692546,0
322,5,2,0.075192921140706193,0.29468242961095914,0
323,7,2,-0.25717945430052769,0.14388805533846571,0
324,2,2,-0.20853806907177852,0.25705807318870905,0
325,3,2,-0.20359377147695687,-0.28854953368761782,0
326,4,2,0.063167297628406921,0.30243339329185498,0
327,4,1,-0.078861553617970148,0.1288806627349682,0
328,3,2,-0.21044630917489032,-0.30284148458524629,0
329,3,2,0.042992811007672813,0.31707674450513795,0
330,3,2,-0.15908427848937018,0.25600909163922336,0
331,9,2,0.1123935928859062,0.30548474291366201,0
332,2,1,-0.16498350404888917,0.011170373831160416,0
333,3,2,-0.30887990251602854,0.11826409230713858,0
334,2,2,0.35649660110592668,-0.17078237053149722,0
335,5,2,0.33111352712180114,-0.2186406236213915,0
336,3,1,0.018762025097968871,0.17408650276878501,0
337,4,2,-0.23656857213361537,-0.27981420344757002,0
338,8,3,0.1627624087787512,0.45228185202404658,0
339,3,2,-0.3104269428200489,0.11482120697828031,0
340,5,2,0.076037473790238841,0.30900571867162585,0
341,2,1,0.20303163122564621,0.048751421918176843,0
342,2,3,0.07629996912430162,0.4493815571696671,0
343,2,2,0.00731580199279213,0.32507096737030539,0
344,4,2,-0.14261203446144932,0.26722178502039429,0
345,2,3,0.0763990956374965,0.4779584898960435,0
346,4,1,0.03382564819863168,0.17958801557184745,0
347,3,2,0.041220278933979046,0.30825239524817183,0
348,2,3,-0.44188342569779193,0.14075929719349761,0
349,2,1,0.0054938952368700292,0.15849733588641396,0
350,2,2,0.02253978353259356,-0.39064605396549434,0
351,4,1,0.13198328946857679,-0.18008148443853009,0
352,3,1,-0.096715194721357173,0.12992201713470505,0
353,6,2,0.088704800394087679,0.29699855010419829,0
354,3,2,0.040573644272132156,0.32399962649332437,0
355,6,2,-0.12519723641624597,0.30624780230283521,0
356,2,3,0.07364280242319049,0.47984111389949091,0
357,2,2,0.3741666937230067,-0.16805257589594733,0
358,3,2,-0.16167673570947683,0.2563445964681082,0
359,2,2,0.0052036150093646913,0.3382562148039206,0
360,4,1,0.032655779733567661,0.19583256355532974,0
361,2,3,0.067161852354726465,0.44005614642329227,0
362,3,2,0.31504472042557546,-0.17985236055680928,0
363,2,1,0.0013541338991217913,0.18138087537492428,0
364,4,2,-0.2125909536168914,-0.26247786201649959,0
365,3,3,-0.14080709482933257,0.42097872632675515,0
366,4,2,-0.27876085504867026,0.12811425023498549,0
367,2,1,0.15453496623485943,-0.17567940400672247,0
368,4,1,-0.17045936823229238,0.042231167788474876,0
369,2,2,-0.19217445576834891,0.23381866549738531,0
370,5,3,-0.13266894156454787,0.41779304473976275,0
371,3,1,0.22395037248710581,0.039123374176672485,0
372,2,1,0.21726771484110485,0.059821909698034845,0
373,2,1,0.20123285799390839,-0.094519406723507809,0
374,3,3,0.12323322010527044,0.45928163637380159,0
375,4,2,-0.22631444703971643,-0.2818847897526644,0
376,4,2,0.061937448373580201,0.30320370861122065,0
377,2,2,-0.32406835557340313,-0.15651387937276648,0
378,4,1,0.029865765347070958,0.1560388905777241,0
379,4,2,-0.14734016453199766,0.27146469718258559,0
380,2,2,0.0034923560644623056,0.34283413069945345,0
381,2,2,-0.29597759561643511,0.067172461635773728,0
382,5,2,-0.32162292592520919,-0.081472456271922372,0
383,2,3,0.065379636178577172,0.45120916470565731,0
384,2,2,-0.19433087067471314,-0.33232423119166965,0
385,2,2,0.0041863386096833294,0.3083893473133526,0
386,2,1,-0.00062336424083212633,0.18340631791050577,0
387,3,2,0.17965787818431009,-0.35400239976417069,0
388,3,2,0.040081727738199374,0.34684789642955227,0
389,3,2,-0.3254605252449615,-0.12692524817683831,0
390,2,2,-0.30264221904108446,0.065503139715740386,0
391,3,1,-0.10195940598820111,0.13273766038000714,0
392,5,3,0.14800082948199803,0.4411396513318141,0
393,3,1,0.016848482557146285,0.18059602384258222,0
394,5,1,0.13889750907023121,-0.21392988446949521,0
395,3,2,-0.2770544192568426,0.096747352150798993,0
396,3,1,0.014838974636847052,0.18688921196915356,0
397,2,2,-0.19324141226492092,0.23198152281508158,0
398,3,2,0.28413587468933488,0.19304428977219124,0
399,9,2,-0.099143027824824634,0.28696858119028834,0
400,5,1,0.14489241246631371,-0.21462118609041961,0
401,4,3,-0.44380838863057975,-0.075785992838729554,0
402,5,2,-0.13178532209581725,0.28114056136716054,0
403,3,2,0.037347002544520599,0.31098934484323149,0
404,2,2,-0.19933966091257024,0.23611509904862701,0
405,3,3,-0.15496424868347641,0.43938505333239875,0
406,2,2,-0.16466868472386237,-0.29823343403692337,0
407,5,1,0.036140066364403367,0.16052629046752503,0
408,4,1,-0.17494982277526588,-0.091201057109921879,0
409,2,3,0.063232145940909493,0.4592703509666447,0
410,3,3,0.12005781431311438,0.45790810711167607,0
411,3,3,0.12040785358711081,0.47514785295764284,0
412,5,2,-0.060403886430426219,-0.40203083790430871,0
413,4,1,-0.094274705855886709,0.14772235736008921,0
414,3,2,0.1792142096271537,-0.33233701600389387,0
415,4,2,0.062462049017436738,0.320596023993729,0
416,2,2,0.0025869579431258144,0.31248592426567356,0
417,6,1,0.21528790753767674,-0.12974953613657927,0
418,3,1,0.14964265685264375,0.16667226869392612,0
419,4,1,0.14646035868035662,-0.19291255920915687,0
420,4,2,0.062059257911814256,0.33022435385732196,0
421,2,2,-0.16449366317499242,-0.30494863273762252,0
422,3,2,0.036152715478509304,0.31543033715969016,0
423,5,2,0.34106038648511239,-0.21398790759602745,0
424,2,2,0.21203720396030595,0.26096841107630131,0
425,2,2,-0.2112217357526486,0.24688925818089613,0
426,2,2,0.0016155312227855573,0.30719886373511329,0
427,4,1,0.15410743775420135,0.14725995692944649,0
428,4,2,0.060763697202852421,0.33150290486514689,0
429,2,3,0.060842901087049539,0.4652185573141564,0
430,7,2,0.10220935122511837,0.30953115259006619,0
431,2,1,0.20811422321284589,-0.093162997511634121,0
432,3,2,0.3594281307253267,-0.0094580561046752748,0
433,2,3,-0.22145643009576238,0.38939222882011548,0
434,2,1,-0.12085263720040236,0.12047928865342949,0
435,2,3,-0.2190969638233165,0.37260489822635134,0
436,2,2,-0.0011326006973096311,0.3263580588531263,0
437,2,2,-0.21537903290377544,0.24844618626824511,0
438,3,2,-0.16526130745275044,0.25814358904822043,0
439,4,2,0.056039976801339333,0.29641269994793018,0
440,3,2,-0.31743548285613898,-0.12882151692884322,0
441,4,1,0.23625348928704265,0.024456568620949165,0
442,3,3,0.11809749477070916,0.47887678666356781,0
443,2,2,0.028260014421442811,-0.40151818327106037,0
444,2,3,0.059484052843077798,0.48780225143058409,0
445,3,3,-0.16289149878998932,0.44057058952017125,0
446,4,2,0.056858594543113788,0.31977224928754089,0
447,3,2,0.27282987106673462,0.20956692610389099,0
448,2,2,-0.19701230630400099,0.22419183813644072,0
449,5,2,-0.23824575662068462,-0.27541933709394195,0
450,2,2,-0.0026024725302843943,0.32725380392724313,0
451,3,3,0.10738642644458796,0.43518510948008748,0
452,2,1,0.23243502662633764,-0.09723280874661086,0
453,3,3,0.1085891548601392,0.45832769845492727,0
454,5,1,0.14747831319714988,0.12719660737264976,0
455,3,1,-0.099730034418265542,-0.1986041287810322,0
456,2,2,0.34619521510316587,0.049212439493750849,0
457,3,3,0.10567832528977761,0.45809773410600763,0
458,3,3,-0.17127633627617983,0.44256589554387993,0
459,4,2,-0.33671448707351664,-0.09612050416787804,0
460,2,2,0.34301308688889165,-0.14657202220798735,0
461,3,2,-0.29059109414104078,0.098601188652762892,0
462,2,3,-0.23920129702250509,0.39249515127733137,0
463,2,2,-0.31133557406661638,0.064274375845501719,0
464,6,1,0.045702698396462155,0.17926651081797323,0
465,3,1,-0.091825897346527574,-0.19461979059423715,0
466,2,2,0.35954971907548139,-0.14319710357733662,0
467,3,3,0.10592890424307547,0.47773692234506948,0
468,2,2,-0.20591606374113708,0.23127412145481768,0
469,2,2,-0.0013858971838139542,0.29537380319721757,0
470,2,2,-0.16736035510095615,-0.31641942273419577,0
471,6,2,-0.28564328519617299,0.15265977526838684,0
472,5,1,0.035880954482033781,0.18699354119427555,0
473,2,1,-0.0039411720472442568,0.19546153604047206,0
474,2,3,-0.46793417864222475,-0.15166114186405122,0
475,2,2,-0.0042839988541394786,0.3141627895851915,0
476,2,3,-0.44493402113851205,0.12285773649071721,0
477,2,3,-0.47568226976707217,0.11305936750621429,0
478,4,2,0.056662600226662987,0.33347732595800295,0
479,3,2,-0.16954046148786175,0.26090617173634123,0
480,5,1,0.25179193763273111,0.0089704401047160098,0
481,4,1,0.23731863904311712,0.02940546207880098,0
482,2,2,-0.17347737653287554,-0.33333817450605718,0
483,2,3,-0.2454609773003002,0.38954326894998692,0
484,3,2,0.034676685550451336,0.31082660463207812,0
485,2,3,0.053439419688606535,0.43678425535264065,0
486,4,2,0.05519988487107759,0.33307347796631548,0
487,2,2,0.23232828099502734,-0.29962571788605663,0
488,3,3,-0.16512320253583015,0.41058714216739911,0
489,5,1,-0.079019602025970997,0.1422263757452909,0
490,2,2,-0.32879220310183244,0.065228868479990265,0
491,3,1,-0.11155766834875247,0.14077514200811347,0
492,2,2,-0.0056829748563926794,0.31465705180315939,0
493,3,3,-0.17668897246536061,0.42022468123153911,0
494,2,2,0.033056814948290256,-0.358436878592717,0
495,2,2,-0.32593751857300712,0.060584179563827417,0
496,3,2,0.18100392310854149,-0.31694007917132128,0
497,2,2,0.35385248658230817,-0.13213825900074494,0
498,2,2,-0.0082442690592159154,0.32746302233335828,0
499,2,1,-0.001007818718012303,0.16082351531193573,0
500,3,2,0.19758575286143501,-0.328519929538444,0
501,3,1,0.014443867680845324,0.16283924765374502,0
502,2,1,0.15744210103688686,-0.17264476897200101,0
503,3,3,-0.18509589603680388,0.42219325130754259,0
504,2,1,0.23244859412716912,-0.092947295099931854,0
505,2,2,-0.010517701341988865,0.33628948555506288,0
506,3,2,-0.18734146773290528,0.28349819646069518,0
507,2,2,-0.0087067858072564439,0.30434021251368981,0
508,2,3,-0.24359904255778431,0.37433775097265498,0
509,2,2,0.37584329198951921,-0.12939105144113291,0
510,3,3,-0.42588152901662696,0.19287101311309815,0
511,2,1,0.2138046479870197,0.062971509997872543,0
512,2,2,-0.21345799131823326,0.23664009435391317,0
513,4,2,0.14382473389360684,-0.33944743591631743,0
514,2,2,-0.31008692031636881,0.052816381020743153,0
515,3,1,0.22577766312904318,-0.11667879807053785,0
516,3,3,-0.18835485395875667,0.41315044333727524,0
517,2,1,-0.080578187220871442,-0.22364693159851326,0
518,6,2,-0.25248736787745374,-0.26474628225872165,0
519,3,2,-0.32923656408671986,-0.13650897297142039,0
520,2,2,-0.0099004327349064766,0.3031489024092171,0
521,2,2,-0.21818655738420914,0.23874517192580522,0
522,2,2,-0.30146555622527205,-0.15245349826292068,0
523,3,1,0.012526118901011157,0.16831832395100932,0
524,2,3,-0.26730174554222585,0.39710316859767647,0
525,4,3,0.13519521121840897,0.43539403338622495,0
526,6,1,0.22530753313062796,-0.0081634867015820123,0
527,2,3,0.051848097424704295,0.45678810362504185,0
528,2,1,-0.18002167099075386,0.011076720646476135,0
529,4,2,-0.036630687167237289,-0.37124914964772127,0
530,2,3,0.050018554456918191,0.47658029909683264,0
531,3,2,-0.014542517624282887,-0.36891136292879723,0
532,2,3,-0.26229760287658382,0.37765515682241091,0
533,2,2,-0.1748448843625014,-0.34359956144617787,0
534,3,2,0.033553099183220816,0.31971199081606405,0
535,2,2,-0.29906448108048594,-0.15568398182794893,0
536,2,2,0.25971019124146988,-0.31923813427600434,0
537,3,2,0.032345636086118068,0.3278457633210089,0
538,4,2,-0.033569349669505956,-0.38593875219970453,0
539,2,2,-0.3014703791344342,0.047120331958616583,0
540,4,3,0.13814524503338019,0.46042838275107223,0
541,3,1,-0.15704597573073725,-0.099933614628990364,0
542,2,2,-0.29766692352493929,-0.1592906232147108,0
543,2,2,0.36216823095462802,0.066184551203040759,0
544,2,1,0.045752384028526674,-0.24570525352704767,0
545,2,2,0.039390033684040093,-0.38904577139090779,0
546,3,3,-0.20123696738717894,0.42379198262649431,0
547,2,2,-0.15621242169697186,-0.32210783592893955,0
548,2,2,-0.012713756443276721,0.31678461560110582,0
549,2,1,0.048829824228929203,-0.23660507144877499,0
550,2,2,-0.015363745472393102,0.32802647339356106,0
551,4,2,-0.15355221744476463,0.27812257221929509,0
552,2,2,-0.23183356867970492,0.25049315267349676,0
553,3,2,0.21750879412674456,-0.34371285092320014,0
554,3,2,0.030818172065985694,0.31955307002216204,0
555,3,2,-0.20768124983170708,-0.30629975180344027,0
556,2,2,-0.20212842239144735,0.21521330838040686,0
557,2,2,-0.017158124227979993,0.33123329050800465,0
558,2,3,0.046808825799238105,0.4694881534886054,0
559,3,1,-0.1714985828245344,-0.10943502879994552,0
560,2,2,-0.14888131015027456,-0.31799184573315431,0
561,2,1,-0.17757849384636773,0.0073065922111598541,0
562,2,1,-0.16578076591962149,-0.11102200929843672,0
563,2,2,-0.29600797806885087,-0.16279025616862966,0
564,2,1,-0.17553250570002815,-0.11931363428132094,0
565,3,2,-0.16609837162745361,0.24867752665034309,0
566,2,2,-0.30789371602678112,-0.17206115416097353,0
567,2,3,-0.28566968106137564,-0.42285053193908861,0
568,2,1,-0.078342552615266625,-0.22874970653931045,0
569,2,2,-0.20354716444637883,0.21387143173357376,0
570,2,1,-0.0050418969295716737,0.17763342338204913,0
571,3,3,0.10203881760456124,0.47175728154015661,0
572,4,3,-0.40263211548643307,0.22135161893173114,0
573,2,2,-0.014968204002086379,0.30147483411890524,0
574,2,2,0.26465424120017156,-0.30996780350868069,0
575,2,2,-0.27512416025422903,-0.16205355168263544,0
576,2,3,0.044589033364501943,0.48677082522291959,0
577,3,2,-0.30815086118167989,0.10174989476835233,0
578,2,2,-0.22810190389222462,0.2368867018972933,0
579,2,2,-0.21167646786811098,0.21669420567562497,0
580,3,1,-0.12272176612700619,0.15025783792454792,0
581,3,3,-0.43146787890178867,0.17545205820267379,0
582,3,2,0.2287646655269393,-0.34329948898289275,0
583,3,2,0.21934817180344734,-0.31226506836261769,0
584,2,2,-0.32366657258769654,0.04856044139576577,0
585,3,3,-0.19374793601793466,0.3940926052889403,0
586,4,3,0.13408451454489281,0.45547473881113221,0
587,3,2,-0.32615402998441589,0.10468180210913372,0
588,2,2,-0.14520027953663595,-0.31973001942143164,0
589,2,2,0.37797546726141362,-0.12048614308384697,0
590,2,1,0.16914018403538822,-0.17872179787682621,0
591,2,2,0.34407792299569012,-0.10329731213979665,0
592,2,2,-0.22885320643219209,0.23149451472051552,0
593,4,1,-0.17923349545962308,0.041860657282009564,0
594,5,2,0.076596675261925345,0.32214336920707648,0
595,2,2,-0.15333975332241317,-0.34209841540860142,0
596,3,2,0.029370527293272539,0.31252834648814476,0
597,3,2,-0.17072654196767839,0.25187320924638756,0
598,3,2,-0.20498420903016637,-0.30987332385296396,0
599,2,2,-0.14665686004258624,-0.33899791030992432,0
600,4,2,-0.30504060726244159,0.13746416137626322,0
601,2,3,0.040023438805257883,0.43580771511871186,0
602,2,3,-0.26744539613963281,0.37305930156434164,0
603,3,1,0.010172242638573081,0.17854174611958493,0
604,2,1,0.23047346369939947,-0.088145901047287145,0
605,3,2,0.37037723320200983,0.0037586784485398733,0
606,2,3,0.038126014120069718,0.4657151779758818,0
607,2,1,0.22272745257821008,-0.081949246630419248,0
608,2,2,-0.20895701704439709,0.20823373907703557,0
609,4,1,0.012977875787872087,-0.24863447754359733,0
610,4,3,0.13531517903366433,0.47448817357177908,0
611,3,2,-0.18090147374225651,0.26283574316210317,0
612,3,2,0.25964053472890408,0.22461763905403906,0
613,2,2,-0.21494258602115157,0.21148203278969235,0
614,2,1,-0.19444112380008219,0.0068678015206386084,0
615,3,1,0.12824682584309605,0.1451013540640726,0
616,3,2,0.027987639195621222,0.30675208337519022,0
617,2,2,-0.22674336761907335,0.22039770092176197,0
618,2,1,-0.057258390865056109,-0.19622562105952249,0
619,2,1,-0.0051789375752276726,0.16743394766127867,0
620,2,1,-0.14280814923468296,-0.10828917090544987,0
621,2,1,-0.16969276737122488,-0.00039781629484744729,0
622,2,2,-0.23064595487499126,0.22132137906676333,0
623,3,2,0.026768302153994269,0.33127611074585978,0
624,2,2,-0.24492779624017202,0.23225827577335728,0
625,2,2,-0.0169361677470172,0.30667785816868603,0
626,2,2,0.044694186595771276,-0.38322704335765378,0
627,4,1,-0.095119754352352023,0.14445922895795793,0
628,3,1,-0.16977050191085552,0.028440951645754609,0
629,2,3,-0.26643253917242138,0.36025673101780853,0
630,2,2,-0.018959394795983589,0.31197861630391244,0
631,2,3,0.035051010134547089,0.4539016859137035,0
632,2,2,-0.023832391146290956,0.33828736219386274,0
633,3,2,0.025357434143779445,0.34731452415533948,0
634,2,2,0.050677064072508438,-0.3895018958956441,0
635,2,2,0.3593305043131414,-0.098018222112147974,0
636,2,2,-0.2176246325725221,0.20303260312288612,0
637,2,2,-0.13385888422339448,-0.32429084149201381,0
638,3,2,-0.32193687492642975,0.098971864614739447,0
639,2,1,0.23735051860078554,-0.081549173401749803,0
640,4,2,-0.30675213026078024,0.1340453295965626,0
641,2,2,-0.021866326268521953,0.31334730741728045,0
642,3,2,0.02401687778122695,0.3132741800058052,0
643,3,3,0.097026947961578458,0.45763438597709705,0
644,2,2,-0.020497950020554864,0.29402205820766236,0
645,4,2,-0.15693958523992274,0.27977688246225196,0
646,2,2,-0.23074525698208614,0.21275900664235009,0
647,2,2,-0.13623795825871571,-0.33748220875019952,0
648,2,3,-0.255002544632011,-0.45137757954860136,0
649,2,3,0.032403044864232358,0.46243335449527434,0
650,2,3,-0.28657731645066725,0.37544075171938307,0
651,3,2,-0.011057996974716038,-0.38731227842384941,0
652,2,2,0.37180997109120711,0.082620032763541421,0
653,2,2,0.3639807568157728,-0.090145276257371593,0
654,2,2,-0.02624880011338172,0.32466517791906474,0
655,2,2,-0.026995845294483792,0.32019657202282836,0
656,3,3,0.093066027029845844,0.44975319368767852,0
657,2,3,0.029747784248617959,0.48143921621519403,0
658,4,2,-0.16298468577794015,0.28581533866659031,0
659,2,2,-0.3320728356794917,0.04658398006364016,0
660,2,2,-0.23342790319925569,0.21244896870785074,0
661,3,2,-0.29752069441449486,0.086130395492708636,0
662,2,2,-0.0306193389356119,0.3346871722886402,0
663,2,3,-0.28234491705578146,0.35875212267025181,0
664,2,2,0.26450575542169513,-0.29534702922509659,0
665,3,2,0.022639940448517804,0.31792619317129533,0
666,2,2,-0.034104624654320959,0.34755367762233702,0
667,3,2,-0.18241709446002821,0.26135947892874711,0
668,2,3,-0.27498990172811022,0.33891348466364324,0
669,3,2,0.23418952684657385,-0.31738193711082285,0
670,3,2,0.021277158794100304,0.31826167875682798,0
671,4,2,0.053961066312092562,0.33547774744747189,0
672,3,1,0.025357434143779389,-0.24522296789690681,0
673,2,1,-0.12642454422533791,0.12253709714771882,0
674,2,3,0.026744366766393149,0.45471153162006284,0
675,3,2,0.01958967071159555,0.33920354958250054,0
676,2,2,-0.02817959744904815,0.30150975200956753,0
677,3,3,-0.20268240358799777,0.39687527731629535,0
678,2,2,-0.032665718261423143,0.32058127750316723,0
679,2,2,0.056385587690708769,-0.3901598849072877,0
680,3,3,0.09202849495120427,0.46276300347658794,0
681,3,2,-0.18792849495879227,0.26542325402676881,0
682,4,2,-0.22121824701563081,-0.28280122523438578,0
683,2,1,-0.12680090718776041,0.11931832053676082,0
684,2,2,-0.12956583824883888,-0.33361009644534212,0
685,2,1,-0.0094483705364052512,0.18359862929797277,0
686,3,3,0.092003215756832096,0.48472674559496121,0
687,3,3,0.088858345787270421,0.4834975673363171,0
688,2,2,-0.27168978020706119,-0.16450351305112784,0
689,2,1,0.22838520970580395,-0.075331304902347546,0
690,5,1,-0.087003978655137121,0.15051520257555259,0
691,2,1,-0.012456917563333884,0.19080983275673044,0
692,3,2,0.018151817173797297,0.33897738299895408,0
693,4,2,-0.14797526236078196,0.25683183929062159,0
694,2,2,0.059563617550677031,-0.36563181236539577,0
695,2,2,-0.031027488503539515,0.30261701772380056,0
696,2,2,-0.30239120901664374,-0.18282378088521842,0
697,2,1,0.17676077525826203,-0.17999963105673275,0
698,4,2,-0.28001265463266567,0.11694046671549621,0
699,2,3,0.024016241907344832,0.43872764776208983,0
700,3,1,-0.18173629094610394,0.028517803086744842,0
701,4,1,0.028461415491051342,0.16215060835588452,0
702,2,3,-0.46319020610268291,-0.18868797116472005,0
703,2,1,-0.14556598010314675,0.13377969795898526,0
704,3,2,-0.17147463614677216,0.23931027139370598,0
705,4,3,-0.31015840632740704,-0.38852510483347946,0
706,2,2,-0.33576375304010669,0.043484209834518492,0
707,2,1,0.18613646544486856,-0.18256854312982759,0
708,2,2,-0.13375716935380272,-0.35132810517914448,0
709,2,3,0.021018739315622884,0.47542240421855897,0
710,2,2,-0.037056515778755961,0.32964927517537096,0
711,2,2,0.19787870870452862,0.27652681438537963,0
712,2,2,0.066670211839940444,-0.38091374595254002,0
713,2,2,0.070880009958554271,-0.3707326576379063,0
714,2,2,-0.039644625327263455,0.3360701958951583,0
715,3,2,0.017220651382395008,0.31719982754931153,0
716,2,2,-0.033809072686840622,0.29581520317169852,0
717,3,1,-0.098313506713915588,-0.21117904095106207,0
718,2,3,0.018215837575415131,0.46914132642471795,0
719,2,3,0.014740314340439264,0.5,0
720,2,2,-0.13110358035842185,-0.35577854785042939,0
721,2,2,0.26176608385005229,-0.27883458609027933,0
722,4,2,-0.15400537841319339,0.26293201286667789,0
723,2,2,-0.31504347397811261,0.035619266783945953,0
724,2,2,-0.24362590640417858,0.21906867134358179,0
725,2,1,0.23807100261166075,0.080430941090760419,0
726,2,3,0.013243073752259443,0.44031898220251231,0
727,2,3,-0.29377831023080719,0.35115320178453646,0
728,2,3,0.010128230965888337,0.4536935416332788,0
729,3,2,-0.2956849495489019,0.081741873190478584,0
730,2,2,-0.30656240165480214,0.03043923283638101,0
731,2,2,-0.25103198910770524,0.22294416277955423,0
732,2,3,-0.30555227755511866,0.35434222395577186,0
733,2,3,0.006858335537696561,0.46708979159703712,0
734,3,2,0.015833929096486246,0.31829552030360786,0
735,2,3,0.0043090883352843376,0.46010432597022322,0
736,2,3,-0.31284135572328764,0.35204620448719004,0
737,2,3,0.00026302221720497093,0.48547993503898346,0
738,2,1,-0.15988354921595233,-0.12019879063287725,0
739,2,2,0.079323538118360098,-0.39088180059987532,0
740,2,2,-0.039695548642621988,0.32043644149552153,0
741,2,1,0.12297092934474804,0.16377248837920705,0
742,2,2,-0.32099269400023767,0.029377930174439425,0
743,2,3,-0.31393970161897616,0.3428214180109298,0
744,2,3,-0.31099225835302113,0.32951782700801302,0
745,2,2,-0.041790528726400496,0.32401173391000537,0
746,3,2,0.33595677474620217,-0.18090216242785237,0
747,2,2,0.38006309754030182,-0.083846730249641482,0
748,2,2,0.086673566384091211,-0.40037332631079703,0
749,2,2,-0.32904836263734255,0.026998669656521215,0
750,2,1,-0.15847625569970969,-0.1235052733190089,0
751,2,3,-0.44161254864512844,0.085268254403164864,0
752,2,2,-0.22294041428088832,0.19459123078783316,0
753,2,3,-0.20947229980723928,-0.45529241678747434,0
754,2,1,0.23486032964677467,-0.072649228915900255,0
755,4,2,0.051486825614021861,0.32150718345858503,0
756,2,2,-0.30420239816423383,-0.18815259752462452,0
757,2,2,-0.22626047999566601,0.1949369678284727,0
758,2,2,0.27384144926335763,-0.27814952996636921,0
759,2,2,0.086300570785043718,-0.3654955764402692,0
760,2,2,-0.11704269826689918,-0.33588473469812341,0
761,3,2,0.014275721900658372,0.32459428363923454,0
762,2,3,-0.0010881435274995716,0.45595970424697252,0
763,2,2,-0.043527019920895318,0.32557651036680901,0
764,2,1,0.23947250532362224,-0.069401225130237804,0
765,2,3,-0.31051356250623324,0.31924660470259369,0
766,2,2,0.37067562761815775,0.096214311056111321,0
767,2,1,0.19192343086862634,0.060879223532293164,0
768,2,3,0.48107099232713879,-0.17801953119469052,0
769,3,2,-0.0053803046024458179,-0.38678841427771604,0
770,2,2,-0.045904549648690632,0.33030683995009325,0
771,2,1,-0.17414511822872375,-0.0028996100070912412,0
772,2,3,-0.0046203797445128897,0.46829365665814537,0
773,2,2,-0.043144981713460095,0.30938834454986158,0
774,3,2,0.012475697702900898,0.33635927320969061,0
775,3,2,-0.18151398600115956,-0.28761352928956063,0
776,2,2,-0.29883129259046143,-0.19003248805530729,0
777,4,2,0.049593102144434964,0.3142105995309159,0
778,2,2,-0.33670637205737508,0.024401557184006301,0
779,2,2,-0.041903539089471781,0.29665680842105197,0
780,3,1,0.029339424161638539,-0.24117533168832914,0
781,2,2,-0.047128311310282854,0.31519819114882885,0
782,2,3,-0.45681785264843172,0.070694620149558879,0
783,2,2,-0.050273036492386736,0.32330692104520253,0
784,2,3,-0.32947545930510536,0.32894108098546837,0
785,5,1,0.20728921112724558,0.0051871138659361354,0
786,2,3,-0.008488325424046636,0.48354120142881896,0
787,3,1,0.033720680359938859,-0.25168611062279966,0
788,2,1,-0.11395217594137416,0.10035201319636909,0
789,2,3,-0.012609084634218795,0.49983940435312124,0
790,2,3,-0.42908885180579281,-0.21485040095570276,0
791,2,2,-0.053945359965425259,0.33351910824108877,0
792,2,2,-0.11966410482055058,-0.35158524202143737,0
793,2,2,0.38672683406701275,-0.075600791982281729,0
794,2,2,-0.26823406291525442,-0.17900573965393871,0
795,3,2,-0.00027395619936469023,-0.39392906530779837,0
796,2,2,-0.27192352435655609,-0.18505915829881472,0
797,2,2,0.342917067660018,-0.061981781545520948,0
798,2,2,-0.28833194170372101,-0.19808292598402996,0
799,2,1,-0.19477128574294028,-0.0035929610587502187,0
800,3,2,-0.18132394233167928,-0.29382417658247828,0
801,2,2,-0.047503997019440747,0.29784389616318863,0
802,2,3,-0.47124060846776572,0.055114258548078325,0
803,2,2,-0.28033374526740601,-0.19819682040259176,0
804,2,3,-0.47645192637422829,0.037452203153407165,0
805,2,1,-0.18960091260247122,-0.0076072916713255251,0
806,3,3,-0.46069061927196553,-0.11320556600361822,0
807,2,1,-0.0097836855813176471,0.16569275513507759,0
808,2,3,-0.48107099232713879,0.019528050771245545,0
809,3,2,-0.29136933319375369,-0.12898126492195147,0
810,2,2,0.1922223914209413,0.31120693257976728,0
811,2,2,0.093897385460066374,-0.37644438528055735,0
812,2,2,-0.28554447627480584,-0.2055956792499509,0
813,2,3,-0.013907138468790457,0.47722288657648848,0
814,2,2,0.10130755612136375,-0.38469839479145596,0
815,2,2,0.10644580028268164,-0.38175689116893952,0
816,2,2,-0.29922093446794951,0.015353735564975046,0
817,2,2,-0.050019596244474954,0.30301608954993675,0
818,3,2,0.25740036789093046,0.25343073394662163,0
819,2,2,0.3426219024519736,0.099136606966249055,0
820,2,3,-0.015937283551783067,0.46650771273897962,0
821,2,2,-0.31841937209490589,0.014420705964025865,0
822,3,2,-0.31014480111593595,0.082903883595506669,0
823,2,2,-0.051809769669966657,0.30484620762358139,0
824,2,2,-0.057062952503780892,0.32136244114847012,0
825,2,3,-0.016987349681777134,0.44613145496072859,0
826,2,2,-0.3168381806332346,0.010630165994182733,0
827,2,3,-0.022812996897637047,0.4786276222133512,0
828,2,2,0.16645167518220116,0.3064894231158406,0
829,2,3,-0.02523310550335775,0.47346944589922468,0
830,2,2,-0.33604190847330506,0.0091289777639625008,0
831,2,3,-0.028059621903707355,0.47266493141376409,0
832,2,2,0.3531805422780499,-0.054713445448142051,0
833,2,2,-0.060708834579828792,0.33056473349009774,0
834,2,1,0.054636332667341872,-0.25055908558600348,0
835,2,2,-0.2673999169502036,-0.19966522347879626,0
836,2,3,-0.026398195744389084,0.43186604582115207,0
837,2,3,-0.031012871368102216,0.44829637760051988,0
838,2,2,-0.23229776519260939,0.19764069713729704,0
839,2,1,0.1124295091015276,0.15770501180941321,0
840,2,3,-0.32700937128622271,0.316769979099077,0
841,2,2,0.28110829841221052,-0.27232402133374833,0
842,2,2,0.11707629802444544,-0.40127393573580949,0
843,2,3,-0.036369890251828227,0.46915694369091299,0
844,3,2,0.011258330676677378,0.33084917731471908,0
845,2,1,-0.12589744457948643,0.10818584815650575,0
846,2,3,-0.039590483198825605,0.47161488896725035,0
847,2,1,-0.01183276092686935,0.16790164859009532,0
848,3,2,-0.18064531979606516,0.2484290482508805,0
849,2,1,-0.12006383106757923,0.099717077726960313,0
850,2,1,0.20587610037804616,-0.059704426922712994,0
851,3,2,0.22242998568175371,0.24129787665745478,0
852,2,2,-0.27748772000189015,-0.21004058846829074,0
853,2,1,-0.01646919212296255,0.18307418445633816,0
854,2,2,0.29421112980003011,-0.27165566736898661,0
855,2,3,0.16425922695298928,-0.49707692874876785,0
856,2,1,0.055141451063514466,-0.22596123440107516,0
857,2,2,-0.24602238157186482,0.20695735161581086,0
858,2,1,-0.062319288374362361,-0.21548177322679188,0
859,2,3,-0.33893358364921383,0.31876615655767493,0
860,2,1,-0.14003765351831696,0.11402938073889531,0
861,2,3,-0.17738931747510159,-0.4816835408014265,0
862,2,1,0.22644297173126304,-0.059212745443812137,0
863,2,1,-0.019509397204362691,0.18917964402832943,0
864,2,3,-0.043914159733982244,0.48198145322936203,0
865,2,2,-0.24753688740131169,0.20548596941586919,0
866,2,3,-0.044124519225311749,0.46231711310053303,0
867,2,2,-0.051137513229512259,0.28502058595182139,0
868,2,1,-0.17197374613380817,-0.13473617738093702,0
869,2,2,0.13577633389269858,0.28290493493295266,0
870,2,3,-0.044576903275383085,0.44582959589402427,0
871,2,3,-0.047921461227767276,0.44949568009581387,0
872,2,3,-0.056748749971462634,0.48740725649510519,0
873,2,2,-0.058432603851196085,0.30927556616515678,0
874,2,2,-0.35346111757578336,0.0070607641133716148,0
875,2,2,-0.11189399065524475,-0.34440447250349993,0
876,2,2,-0.22804216207163108,0.18609926937168553,0
877,2,3,-0.058978476928189347,0.48249385594671013,0
878,2,2,-0.2494805522879168,0.20162003946468576,0
879,2,1,-0.019812279984822802,0.18193404415258349,0
880,2,3,-0.055245720021392206,0.44290727502367733,0
881,3,2,-0.18014904617599536,0.24439378832326222,0
882,2,2,-0.30191811148843195,-0.0013820991445686742,0
883,2,1,0.059740082962222177,-0.23067409464320984,0
884,2,1,0.23445335416889496,-0.056364177912926527,0
885,2,3,-0.058090512712833109,0.44323109977925845,0
886,2,3,-0.064549737019904033,0.463333904504445,0
887,2,2,0.11028936542957429,-0.3520927056379447,0
888,2,2,-0.11477925239346899,-0.36186081701175588,0
889,3,3,-0.21491461923983246,0.40525155897549181,0
890,2,3,-0.064118384859848679,0.44552447640477455,0
891,2,3,-0.071581641108718883,0.46944094149111637,0
892,2,3,-0.070978532579208498,0.4515848697243583,0
893,2,2,-0.11632330099899142,-0.37712726374975103,0
894,3,1,0.22879474774666614,0.045532121888467343,0
895,2,3,-0.07337242469473941,0.44927590211366031,0
896,2,1,-0.06708978575099947,-0.23597130829711602,0
897,2,2,-0.32057167997956248,-0.0033487779861298278,0
898,2,3,-0.077766156089621674,0.45649860497493788,0
899,2,1,0.06523226110802835,-0.23898038351225145,0
900,2,1,0.070536315969919605,-0.24470988664018375,0
901,3,3,0.082042815351036524,0.45096947938612486,0
902,2,2,-0.33504280310213913,-0.0059753603123533089,0
903,2,2,0.33646638194675904,0.10993395562615817,0
904,2,2,-0.31988915894442443,-0.010560587513037692,0
905,2,2,-0.059602349016511361,0.30833037525401019,0
906,2,2,-0.35089195229796605,-0.012713425326183095,0
907,2,2,-0.27650433871783886,-0.21402847457996962,0
908,2,3,-0.32593250935082102,0.29717574054645918,0
909,3,2,-0.31591478734371414,-0.14083528683898192,0
910,2,2,0.28432635570276293,-0.2507461166274767,0
911,2,3,-0.08133721315076356,0.45951852819942585,0
912,2,2,-0.062836417834866654,0.31549073075691358,0
913,2,3,-0.088159543204915647,0.47685975836149819,0
914,2,2,-0.067794223095452369,0.32905363574580349,0
915,2,2,-0.23692963221817565,0.18843915247588813,0
916,2,2,-0.0915565759090812,-0.32660088083057048,0
917,2,3,-0.081554823691981387,0.43488271783906518,0
918,2,3,-0.08941053088904119,0.45628147090413085,0
919,2,2,-0.26039549147081525,0.20516598507156769,0
920,2,2,-0.25842578102427016,0.20077983213164335,0
921,2,1,0.24382751427503557,-0.053374070851145039,0
922,2,2,0.29423681747334168,-0.24725995149372951,0
923,2,1,-0.058552014709449346,-0.22724442351045984,0
924,2,1,-0.16572868330728063,-0.13572247015260927,0
925,2,3,-0.33336838223621906,0.2949976742889503,0
926,2,3,-0.089820915598230883,0.44582444104702168,0
927,2,1,-0.018696929540567807,0.16881407795170128,0
928,2,2,0.34440629120382182,0.12759599765352722,0
929,2,3,-0.40581965541165749,-0.242862970178118,0
930,2,2,-0.058645954040133737,0.28867233745795429,0
931,2,3,-0.096163288726754947,0.45975034905163992,0
932,2,2,-0.28743257393120258,-0.22549554807492525,0
933,2,1,-0.20058444039977524,-0.01002291338007967,0
934,2,1,0.11187578108650367,0.17348025128744912,0
935,2,3,-0.33985955312853533,0.29183871213940499,0
936,3,1,0.0092187908588245854,0.16939172097495442,0
937,2,2,0.3303716301410799,0.13462750986398697,0
938,2,2,0.33021641345481906,0.14905355538534115,0
939,2,2,-0.32361773130427607,-0.017571077801920271,0
940,2,2,0.37852763793457539,-0.047716457182588684,0
941,2,3,-0.10067783375118911,0.46578797264492755,0
942,2,3,-0.094303119960094606,0.42968217897897643,0
943,3,2,-0.19488158887960932,0.26051109211653378,0
944,2,3,-0.10073553238082761,0.44326500328532803,0
945,2,2,-0.092045331577781664,-0.33868949275369364,0
946,2,2,0.3005276646197555,0.1452860395669999,0
947,2,1,-0.13994895016002024,-0.12524692088949294,0
948,2,2,-0.23391485938103354,0.17834855048024501,0
949,2,1,0.15951370369642121,-0.15191201723490425,0
950,2,1,-0.14557561292949708,-0.13249380758432885,0
951,2,3,-0.36177307560783339,0.30179478918479552,0
952,2,1,0.20673107251174072,0.073848022118277401,0
953,2,2,0.38492492154558472,-0.038988040133434571,0
954,2,2,-0.25509057705725019,0.19267910945590061,0
955,2,2,-0.062319137902378356,0.2974124398823127,0
956,2,3,-0.10792970575147023,0.4589989493642741,0
957,2,2,-0.24198202066867155,0.17974019376410283,0
958,2,2,-0.24175271817216934,0.17705264972465468,0
959,2,2,0.30357762681849632,-0.2429725576676304,0
960,2,2,-0.29159267325046356,-0.23303120120872869,0
961,2,2,-0.25174183165095498,-0.21187357330419979,0
962,2,1,0.17988971855097802,-0.16447160811069714,0
963,2,2,-0.26438861020360416,-0.22481992403604531,0
964,2,3,-0.46222882162045481,-4.1748233254215728e-05,0
965,2,2,0.31292115338675552,0.1681315469838521,0
966,3,2,0.39163206132027312,0.019247612578933315,0
967,2,3,-0.39188262536679597,-0.27493832624231174,0
968,2,1,0.2443076676625619,-0.049258919143279817,0
969,2,2,-0.065405978449647725,0.30371747860939313,0
970,2,2,0.11900708675795824,-0.36390445969519003,0
971,2,3,-0.10825932119868698,0.44937963256067714,0
972,3,2,-0.18783291340801686,-0.3089924368251834,0
973,2,3,-0.36590565735326808,0.29610501285211743,0
974,2,2,0.12598491531190664,-0.36836014887328927,0
975,3,2,0.0070180434887800944,-0.36500548286983747,0
976,2,3,-0.3893882209780048,-0.31563594674384821,0
977,2,2,-0.095999174926628933,-0.36103448125416937,0
978,2,3,-0.11425648996208979,0.46003429384714323,0
979,2,2,-0.073822593707599263,0.32911582250428778,0
980,2,1,0.20855985253714765,0.079955895797271984,0
981,2,2,-0.092380594412986849,-0.36354094732138187,0
982,2,3,-0.35018378609799145,0.27434415160597592,0
983,2,2,-0.072264099727480699,0.31816977217839582,0
984,2,1,0.076225822837588136,-0.25098834081548504,0
985,2,3,-0.10785256517657277,0.42760624565443772,0
986,2,3,-0.36104243348336401,0.27442961825996959,0
987,3,2,0.3850473094439768,0.031662927703020441,0
988,2,2,-0.27300366993090536,-0.2354674844908631,0
989,2,2,-0.067613789448545819,0.29667438205458663,0
990,2,3,-0.45057648243361775,-0.017985177179192097,0
991,2,3,-0.11461257438968377,0.44077090515907313,0
992,2,2,-0.32435348323563618,-0.021158175262980652,0
993,2,2,-0.069596670791315735,0.29875927676202507,0
994,2,2,-0.076944826216403292,0.31907810914396229,0
995,2,2,-0.07660620094671701,0.31295520333277105,0
996,2,2,-0.26511831047031942,0.19245775867180659,0
997,2,3,-0.13830712036562443,-0.49366635621780575,0
998,2,1,-0.020565266797939255,0.16959933408612857,0
999,2,3,-0.36521259741885925,0.26909640539320667,0
