N,sample,seed,avg_degree,edges,threshold,threshold_RR,delta_threshold,S_N,R_N,epsilon,epsilon_crit,margin_M,relative_residual,source_row
100,27,47361409,4,200,4.4974507559401298,4.2608695652173898,0.23658119072273801,51.439609667952297,12.992807228891801,0.0025837056844250999,0.014449395813663,-0.011865690129237799,3.0617576271136102e-07,27
100,90,110361598,4,200,4.5434856933380399,4.2608695652173898,0.28261612812064701,47.623902061279999,12.0416079819083,0.0028479914647433998,0.016833458279379199,-0.0139854668146358,8.7133543097534299e-07,90
100,93,113361607,4,200,4.4917205839589798,4.2608695652173898,0.23085101874158701,52.838496733240397,13.3182678653951,0.0020561463478690001,0.0136616253017822,-0.0116054789539131,5.5232707136517299e-07,93
100,120,140361688,4,200,4.5125815844718602,4.2608695652173898,0.25171201925446401,51.512356017068001,12.9720686983025,0.0018244107103994999,0.014407374724219201,-0.012582964013819699,7.6418460391885803e-07,120
100,134,154361730,4,200,4.4923734621936102,4.2608695652173898,0.23150389697621901,51.357530405645697,12.9869607950464,0.0028735453685037999,0.014496950884346001,-0.0116234055158422,7.4797027461374105e-07,134
100,160,180361808,4,200,4.4942536043722203,4.2608695652173898,0.233384039154832,52.713112417617303,13.2839898464215,0.0020054164356612999,0.0137305284846961,-0.011725112049034699,9.0296508036749799e-07,160
100,202,222361934,4,200,4.4861220838468396,4.2608695652173898,0.22525251862944901,52.117753867974301,13.171732270711701,0.0027302366882224001,0.014062223868771101,-0.011331987180548699,6.6794963628997299e-07,202
100,253,273362087,4,200,4.5581383400362396,4.2608695652173898,0.29726877481884501,46.372412587248498,11.7347667995818,0.0030549122822353999,0.017700834909949101,-0.0146459226277136,4.8288022235976603e-07,253
100,267,287362129,4,200,4.4862267506479796,4.2608695652173898,0.22535718543059199,53.560482753599203,13.493061789575901,0.0019219599205197,0.0132711450849861,-0.011349185164466299,8.5201955777357503e-07,267
100,285,305362183,4,200,4.5122856248924403,4.2608695652173898,0.25141605967505098,52.559651614971898,13.204887204966701,0.0012362011396063,0.013815308113584401,-0.012579106973978099,9.2648006169403405e-07,285
100,297,317362219,4,200,4.4747539924248603,4.2608695652173898,0.213884427207472,55.272210995661702,13.905059320495001,0.0015741467549836999,0.0123861340633951,-0.010811987308411399,5.6482451079448604e-07,297
100,307,327362249,4,200,4.5781325772656096,4.2608695652173898,0.317263012048216,45.332566665228498,11.465118254519901,0.00291129750467,0.018457953964368199,-0.0155466564596982,2.2025454375888701e-07,307
100,315,335362273,4,200,4.4635312271958902,4.2608695652173898,0.202661661978499,52.455694115226699,13.303985147915601,0.0036232790798919,0.013873021411661,-0.010249742331769099,8.4843268841275099e-07,315
100,339,359362345,4,200,4.5312147647043899,4.2608695652173898,0.27034519948700098,50.286713033609701,12.656460613677901,0.0016859792609388001,0.0151315847019125,-0.013445605440973601,9.7713104386475308e-07,339
100,358,378362402,4,200,4.5018890325530201,4.2608695652173898,0.24101946733562499,49.297441203682098,12.5061321196719,0.0036872465246279998,0.015742390567627801,-0.0120551440429997,3.4548090738655e-07,358
100,397,417362519,4,200,4.49266804438418,4.2608695652173898,0.231798479166788,51.683415760381799,13.058777256088201,0.0026686184332747999,0.014309030156147901,-0.0116404117228731,7.9022923163990302e-07,397
100,420,440362588,4,200,4.4859490168402898,4.2608695652173898,0.225079451622897,54.805909083165702,13.771401960676901,0.0012758604146026001,0.0126217464706896,-0.011345886056087001,1.24853731841028e-07,420
100,442,462362654,4,200,4.5060888076748098,4.2608695652173898,0.245219242457415,52.406313358285701,13.186267101077201,0.0016160030362517,0.013900515965625901,-0.012284512929374099,9.3798438530608103e-07,442
100,451,471362681,4,200,4.5286547041477796,4.2608695652173898,0.26778513893038403,49.417754472317398,12.4706049685848,0.0023507007096099999,0.015666799352948301,-0.013316098643338299,2.7368418047431899e-07,451
100,460,480362708,4,200,4.4257753974637302,4.2608695652173898,0.16490583224633401,61.836881365484899,15.5200899159087,0.00098435712140230005,0.0094462940878655005,-0.0084619369664631003,7.6970452787279495e-07,460
200,3,23462237,4,400,4.2433266531004099,4.125,0.11832665310040499,90.201129288527994,22.785845185673399,0.0026115289841646999,0.0092217207607382997,-0.0066101917765734996,6.8845755964870902e-07,503
200,9,29462255,4,400,4.2366531224236796,4.125,0.11165312242367501,90.416632587825404,22.869452657680199,0.0029341339433997002,0.0091816848525455002,-0.0062475509091456998,9.5456838905689704e-07,509
200,15,35462273,4,400,4.3310388321569198,4.125,0.20603883215692301,67.981930715994906,17.234665913876899,0.0035183354217667002,0.0147118047101871,-0.0111934692884204,8.25515967252922e-07,515
200,23,43462297,4,400,4.26480568057785,4.125,0.13980568057784601,83.956934182388295,21.217038213197501,0.0027133514321232999,0.010471012829888699,-0.0077576613977652998,6.0725683473682698e-07,523
200,29,49462315,4,400,4.2500299040900096,4.125,0.12502990409001,88.460010166703398,22.3433884167709,0.0025817979747529002,0.0095523380721651008,-0.0069705400974121997,4.0613180984976499e-07,529
200,66,86462426,4,400,4.2555724668599,4.125,0.13057246685990401,94.206833813684199,23.667316111390701,0.00122716848969,0.0085074866414090004,-0.0072803181517188996,3.4840225031213098e-07,566
200,71,91462441,4,400,4.2827395781819497,4.125,0.157739578181951,79.825953794529994,20.1720022888057,0.0026997966191287001,0.011404930322460099,-0.0087051337033312998,4.4677510157399902e-07,571
200,74,94462450,4,400,4.2600120316763599,4.125,0.135012031676356,87.651238578476907,22.105867700689,0.0022025707702563002,0.0097103816702377999,-0.0075078108999814003,9.1873162231015395e-07,574
200,102,122462534,4,400,4.27744926350592,4.125,0.152449263505918,82.732647685650903,20.874016406633299,0.0023068823561134002,0.010738070852754101,-0.0084311884966405994,8.1503908045595002e-07,602
200,161,181462711,4,400,4.3031553768831499,4.125,0.178155376883151,76.575058254820803,19.330319630806599,0.0024362380042934001,0.0122107309974474,-0.0097744929931539003,4.2129933516444802e-07,661
200,189,209462795,4,400,4.2594145258589,4.125,0.13441452585890401,87.049984294314797,21.967529545527199,0.0023553533479721001,0.0098297770424773997,-0.0074744236945052996,3.4518943874936598e-07,689
200,202,222462834,4,400,4.2665799536561,4.125,0.14157995365609799,82.784064276350193,20.934149874644,0.0028765657694878001,0.010726696264798399,-0.0078501304953104995,6.4651240888276904e-07,702
200,233,253462927,4,400,4.2448606864117302,4.125,0.11986068641172699,93.834875228471503,23.634367388656099,0.0018718901806024999,0.0085712401312504002,-0.0066993499506479001,6.0839726673836402e-07,733
200,298,318463122,4,400,4.2407145380394304,4.125,0.11571453803943101,94.215257163648801,23.745216995630301,0.0020315468054777001,0.0085060487130024995,-0.0064745019075247,7.9041470699624899e-07,798
200,340,360463248,4,400,4.2415126076546503,4.125,0.11651260765464801,91.857287459135605,23.185198787864799,0.0024045661393947001,0.0089188674786297006,-0.0065143013392348998,2.3006700947839899e-07,840
200,376,396463356,4,400,4.22900184332308,4.125,0.104001843323084,96.609901593878007,24.371686013884599,0.0022690284515198998,0.0081074331754431,-0.0058384047239230996,4.7964818868221498e-07,876
200,389,409463395,4,400,4.2706807556104298,4.125,0.14568075561042601,81.585014207521894,20.635205655846299,0.0029288724931515,0.0109956863330163,-0.0080668138398646994,7.2103256618318497e-08,889
200,402,422463434,4,400,4.2514996675182504,4.125,0.12649966751825201,89.003062119204301,22.464088415572601,0.0023968038929475998,0.0094478310410276,-0.0070510271480800002,7.2113574972512198e-07,902
200,443,463463557,4,400,4.2304995213993504,4.125,0.10549952139935,97.191291976719199,24.501195395631498,0.0020924961209528,0.0080136176073034998,-0.0059211214863506998,9.5457050641640001e-07,943
200,473,493463647,4,400,4.2455673119082,4.125,0.120567311908198,89.737685252908804,22.665715079534198,0.0025774429734298,0.0093084701696020001,-0.0067310271961721997,9.0901046876955999e-07,973
300,0,20563128,4,600,4.1820178996845101,4.0821917808219199,0.099826118862592794,127.05739022055199,31.903599976207101,0.0010959804921795999,0.0068513644949525004,-0.0057553840027728996,3.9596475743595198e-07,1000
300,2,22563134,4,600,4.1854916066805998,4.0821917808219199,0.103299825858686,114.39289367293399,28.852973112812599,0.0022269713301201,0.0081671503187368995,-0.0059401789886166997,7.7221608121986804e-07,1002
300,3,23563137,4,600,4.1990804370369101,4.0821917808219199,0.116888656214995,105.877857606517,26.738239526407501,0.0025385395100942999,0.0092287934409375008,-0.0066902539308431996,9.38204494792648e-07,1003
300,5,25563143,4,600,4.1522660169809402,4.0821917808219199,0.070074236159026498,128.34881494925801,32.428882415150497,0.0026621101096341001,0.0067317803633496001,-0.0040696702537154003,9.1406628814771795e-07,1005
300,8,28563152,4,600,4.1739588184608696,4.0821917808219199,0.091767037638947904,123.20587808721,31.038590012205201,0.0019245874797853,0.0072228964399638999,-0.0052983089601785997,9.02255665730657e-07,1008
300,11,31563161,4,600,4.1594821917097198,4.0821917808219199,0.077290410887799005,131.072321611007,33.030862898139297,0.0020048664138816999,0.0064873124663830002,-0.0044824460525013004,5.9418518211241895e-07,1011
300,13,33563167,4,600,4.16120123392108,4.0821917808219199,0.079009453099164503,118.911092385035,30.095515589330901,0.0030925835907828999,0.0076655703750804997,-0.0045729867842976002,3.9119330115482e-07,1013
300,15,35563173,4,600,4.1782114565402901,4.0821917808219199,0.096019675718370195,120.279973509134,30.308756930153699,0.0019850648940492001,0.0075210442722437,-0.0055359793781944999,4.3684472341673102e-07,1015
300,18,38563182,4,600,4.1767100175525602,4.0821917808219199,0.094518236730642996,122.88391291563499,30.942376295266399,0.0018016847047305001,0.007255009277651,-0.0054533245729204999,9.5887317801572702e-07,1018
300,19,39563185,4,600,4.1479860234230799,4.0821917808219199,0.065794242601163497,136.78933476191099,34.495126594271902,0.0021770184372381998,0.0060058059027873999,-0.0038287874655492,7.8960384456914198e-07,1019
300,25,45563203,4,600,4.1499493680409802,4.0821917808219199,0.0677575872190639,142.18775893639099,35.780595126505098,0.0016432876792990001,0.0055866758435989001,-0.0039433881642999,7.9546919976735396e-07,1025
300,27,47563209,4,600,4.1392634746049897,4.0821917808219199,0.057071693783074202,149.70096761348299,37.682910374197903,0.0017212211446255999,0.0050536664236982996,-0.0033324452790727001,6.9406551536117697e-07,1027
300,32,52563224,4,600,4.2070727049888497,4.0821917808219199,0.124880924166933,101.914538313162,25.7491826003758,0.0026546558181327002,0.0097834370648301992,-0.0071287812466974002,9.5398925905848804e-07,1032
300,33,53563227,4,600,4.1697849747768503,4.0821917808219199,0.087593193954936602,125.601489239662,31.642173411578401,0.0019251451804165,0.0069891277415146998,-0.0050639825610981999,9.2815002092054495e-07,1033
300,39,59563245,4,600,4.1533603298514796,4.0821917808219199,0.071168549029558797,127.35947049970601,32.18266204191,0.0026915502682174001,0.0068231749900572996,-0.0041316247218398999,3.6426466434924999e-07,1039
300,42,62563254,4,600,4.1773194751209903,4.0821917808219199,0.095127694299075694,119.07754677651501,30.026954885719,0.0021630290391671,0.0076478187032954,-0.0054847896641281998,7.9843278468103299e-07,1042
300,57,77563299,4,600,4.1949662335620799,4.0821917808219199,0.112774452740163,114.041091259509,28.708460865285002,0.0017378652573285999,0.0082078728395308005,-0.0064700075822020997,9.7425178753471692e-07,1057
300,69,89563335,4,600,4.1642880492568803,4.0821917808219199,0.082096268434956904,132.46450084626599,33.329365210524102,0.0016097897745844,0.0063662300993627997,-0.0047564403247783004,8.8315310916155705e-07,1069
300,78,98563362,4,600,4.1579647761410001,4.0821917808219199,0.075772995319082895,125.33557218543901,31.6624860655993,0.0026217059810712002,0.0070146355591841998,-0.0043929295781131002,6.4859785390241902e-07,1078
300,84,104563380,4,600,4.1515871348867801,4.0821917808219199,0.069395354064861095,140.04938028050901,35.252193522149398,0.0017125991671061,0.0057488335003356003,-0.0040362343332295001,9.0983431119467804e-07,1084
316,31,51579365,4,632,4.1561015568829802,4.0779220779220804,0.078179478960903395,132.81631619579301,33.4757267444188,0.0020452885854037,0.0065886580589112004,-0.0045433694735074999,3.9776995229283801e-07,1131
316,37,57579383,4,632,4.1511965659402001,4.0779220779220804,0.073274488018123293,137.102194225809,34.545361857492097,0.0019679721580198998,0.0062333601387656997,-0.0042653879807458004,6.5756402539585503e-07,1137
316,62,82579458,4,632,4.1449331904976798,4.0779220779220804,0.067011112575597706,133.62327781935099,33.755222955833297,0.0026148400690183,0.0065200195210126004,-0.0039051794519943,5.7813014596064601e-07,1162
316,70,90579482,4,632,4.1422473549149297,4.0779220779220804,0.064325276992850206,140.98819646704499,35.553813836167897,0.0021758184521387001,0.0059298839789460002,-0.0037540655268073,1.9035437908718101e-07,1170
316,132,152579668,4,632,4.1665134449111303,4.0779220779220804,0.088591366989054302,127.539795131961,32.130658965842898,0.0019265373807321,0.0070588760311344001,-0.0051323386504022999,9.9798226992493496e-07,1232
316,170,190579782,4,632,4.1669807712765898,4.0779220779220804,0.089058693354507695,122.900458142359,31.013922559026099,0.0023499344738153001,0.0075056680395179003,-0.0051557335657024996,6.4257465372139801e-07,1270
316,276,296580100,4,632,4.1453126058885701,4.0779220779220804,0.067390527966492406,137.88340797465199,34.780014568300402,0.0022422028812496999,0.0061709777275591,-0.0039287748463093996,7.5265432309405498e-07,1376
316,283,303580121,4,632,4.16909843763976,4.0779220779220804,0.091176359717681302,120.435041590168,30.407830223399198,0.0024832459216883999,0.0077571070345650002,-0.0052738611128765002,6.1360179906798604e-07,1383
316,286,306580130,4,632,4.1437497457203101,4.0779220779220804,0.065827667798234998,139.44192519446,35.168490893306497,0.0022088736530424002,0.0060486133742117002,-0.0038397397211693001,9.1743661657062296e-07,1386
316,334,354580274,4,632,4.1512613332304698,4.0779220779220804,0.073339255308391998,136.79230867873801,34.470205585864697,0.0019893546560383001,0.0062583028655880998,-0.0042689482095498001,4.7445473468054299e-07,1434
316,339,359580289,4,632,4.1398243489923701,4.0779220779220804,0.061902271070289699,143.120876554592,36.088614667282798,0.0021547906640796001,0.0057703369706077999,-0.0036155463065281001,3.8673061254175398e-07,1439
316,360,380580352,4,632,4.1627563147429996,4.0779220779220804,0.084834236820920103,128.91563897513399,32.4883663354505,0.0020126075760049998,0.0069325576597393003,-0.0049199500837342003,3.9014785443628902e-07,1460
316,363,383580361,4,632,4.1489484611084499,4.0779220779220804,0.071026383186370404,129.278164084379,32.677210252043402,0.0027666639101946999,0.0068997212244470002,-0.0041330573142523003,6.8279781568775705e-07,1463
316,375,395580397,4,632,4.1647198039365296,4.0779220779220804,0.086797726014451002,125.804117797082,31.7268779230407,0.0021926823906908998,0.0072221726205733998,-0.0050294902298823998,9.4132436074281904e-07,1475
316,404,424580484,4,632,4.21702010305932,4.0779220779220804,0.13909802513724301,97.447030297308601,24.633762286626901,0.0027913083802537002,0.010713952448964901,-0.0079226440687111006,5.7767268513113998e-07,1504
316,420,440580532,4,632,4.1614386518137501,4.0779220779220804,0.083516573891672302,127.858519643732,32.243992581606001,0.0021849359076854002,0.0070293714963492,-0.0048444355886636996,2.7606685182856601e-07,1520
316,472,492580688,4,632,4.16140408005485,4.0779220779220804,0.083482002132774902,131.18721023754301,33.044139853291497,0.0018853765809775001,0.0067297996791260001,-0.0048444230981483996,6.94343486467621e-07,1572
316,475,495580697,4,632,4.1549433928586197,4.0779220779220804,0.077021314936541102,150.10206701794701,37.6447855040267,0.00079458432458320003,0.0052797810517996998,-0.0044851967272164003,7.0765659111689499e-07,1575
316,493,513580751,4,632,4.2019487629646504,4.0779220779220804,0.124026685042574,104.87395104648,26.482438215861698,0.0025168352256008,0.0096169155262865007,-0.0071000803006857002,5.2821221290453502e-08,1593
316,496,516580760,4,632,4.1732533729968004,4.0779220779220804,0.095331295074724501,116.505584978154,29.4379666353747,0.0026742957506684,0.0081798550520454007,-0.0055055593013769999,9.4232320592071504e-07,1596
500,31,51765021,4,1000,4.0926396655760797,4.0487804878048799,0.043859177771199,192.09254718006699,48.447418117102799,0.0022087339062065001,0.0048280482528958004,-0.0026193143466892999,5.7465952958456001e-07,1631
500,42,62765054,4,1000,4.1051407011094501,4.0487804878048799,0.056360213304575503,189.54422215127099,47.685211432481204,0.0015782907612165,0.0049334543358346,-0.0033551635746181,9.27792549989785e-07,1642
500,50,70765078,4,1000,4.0887373846739203,4.0487804878048799,0.039956896869045799,202.328708015952,50.995249410440302,0.0020415906892447002,0.0044314041534318001,-0.0023898134641870002,8.0219964436954597e-07,1650
500,73,93765147,4,1000,4.0946014689501702,4.0487804878048799,0.045820981145290297,214.667178215116,53.938431574711501,0.0012653868336608999,0.0040035752896243997,-0.0027381884559634002,8.6276447135634803e-07,1673
500,92,112765204,4,1000,4.1058511018330801,4.0487804878048799,0.057070614028204701,177.157267591215,44.660404155372902,0.0020946770212416001,0.0054890091833262001,-0.0033943321620846,9.6528194262604992e-07,1692
500,93,113765207,4,1000,4.0950764129277601,4.0487804878048799,0.046295925122878501,190.05175454929801,47.921427497995701,0.0021493559038169002,0.0049122359053000997,-0.0027628800014832,7.1586379478049497e-07,1693
500,96,116765216,4,1000,4.0929905092157703,4.0487804878048799,0.044210021410893099,187.13021436686,47.231038470366798,0.0023966459941766999,0.0050359525081367998,-0.0026393065139600999,5.7864012563770498e-07,1696
500,107,127765249,4,1000,4.1076585197866198,4.0487804878048799,0.058878031981741699,193.104315411372,48.5239049776849,0.0012833795263145001,0.0047869701418385997,-0.0035035906155239998,9.99513959681664e-07,1707
500,108,128765252,4,1000,4.0948303688679601,4.0487804878048799,0.046049881063080299,197.94029421686301,49.850650332727199,0.0018469042897901,0.0045964284054071996,-0.0027495241156170998,3.5857407815434802e-07,1708
500,110,130765258,4,1000,4.1197662556721397,4.0487804878048799,0.070985767867266097,163.193424769991,41.1268374535763,0.0020128339211068001,0.0062164124422585997,-0.0042035785211517003,4.49727654381121e-07,1710
500,145,165765363,4,1000,4.1079842578583898,4.0487804878048799,0.059203770053514397,163.486542143744,41.310408709941797,0.0026838488859842,0.0061998666024013997,-0.0035160177164170999,4.9776764455725299e-07,1745
500,221,241765591,4,1000,4.0900695356082597,4.0487804878048799,0.0412890478033816,202.010554047234,50.901504563348396,0.001974481251344,0.0044431271246205004,-0.0024686458732764999,9.0949479190681896e-07,1821
500,228,248765612,4,1000,4.0914443946335597,4.0487804878048799,0.0426639068286798,193.95335629333701,48.915792368266203,0.0022038973859544002,0.0047528295343655996,-0.0025489321484111001,7.6130314444892999e-07,1828
500,231,251765621,4,1000,4.0843507104894501,4.0487804878048799,0.0355702226845711,206.93318425439099,52.175217043511402,0.0021355732842265,0.0042657796810518,-0.0021302063968253,4.7644697357274498e-07,1831
500,233,253765627,4,1000,4.1197442581563299,4.0487804878048799,0.0709637703514545,154.90349141214301,39.114801607391101,0.0025107810728457998,0.0067102897781564997,-0.0041995087053106998,9.2213163337177505e-07,1833
500,260,280765708,4,1000,4.10462165269153,4.0487804878048799,0.055841164886648399,166.512929771823,42.079926202348197,0.0027126647763108,0.0060324392139982997,-0.0033197744376875001,9.566119074791051e-07,1860
500,322,342765894,4,1000,4.1004433846211699,4.0487804878048799,0.051662896816291798,170.01125935476799,42.973924897125102,0.0027710521069081,0.0058463303763969,-0.0030752782694886999,9.6792241599108993e-07,1922
500,359,379766005,4,1000,4.0909288853790802,4.0487804878048799,0.042148397574200303,192.78581521254901,48.6363066985354,0.0022815625460475999,0.0047998548496033001,-0.0025182923035557002,6.0422934324771002e-07,1959
500,394,414766110,4,1000,4.0985508718409802,4.0487804878048799,0.049770384036102101,205.32836193454901,51.609818044446499,0.0013526020379871001,0.0043226623274715999,-0.0029700602894844001,6.8406512666595505e-07,1994
500,420,440766188,4,1000,4.1152618070072204,4.0487804878048799,0.066481319202342307,171.97939434274201,43.304636612794098,0.0018013089782789001,0.0057449549478733996,-0.0039436459695945001,8.5112325605213495e-07,2020
700,9,29966755,4,1400,4.0804869937769599,4.0346820809248598,0.0458049128521072,213.25405464933701,53.771775836850303,0.0021489025156859001,0.0049050211194860997,-0.0027561186038002001,7.7884664674012804e-07,2109
700,11,31966761,4,1400,4.0666422526110004,4.0346820809248598,0.031960171686143297,236.36954702286101,59.632201914722302,0.0022837762554705002,0.0042151813867015997,-0.001931405131231,2.0833321849916701e-07,2111
700,25,45966803,4,1400,4.0669964959187004,4.0346820809248598,0.032314414993846803,260.06150232840997,65.452600112195199,0.0016812351162245999,0.003635396098472,-0.0019541609822474001,8.8920802360662804e-07,2125
700,27,47966809,4,1400,4.08423096667536,4.0346820809248598,0.049548885750500198,210.680536965318,53.094205655445997,0.0020128646918447998,0.0049911877914622996,-0.0029783230996175002,9.4281997687033296e-07,2127
700,30,50966818,4,1400,4.0612290959126103,4.0346820809248598,0.0265470149877567,258.77598017334401,65.226174974048703,0.0020565275430750999,0.0036641312447936998,-0.0016076037017184999,5.2064012067469202e-07,2130
700,40,60966848,4,1400,4.0656404518532501,4.0346820809248598,0.0309583709283974,240.60848889254899,60.689028411721601,0.0022314515628917,0.0041030598945439997,-0.0018716083316521999,8.9823552896761704e-07,2140
700,45,65966863,4,1400,4.05841639317104,4.0346820809248598,0.023734312246180202,292.13359704297801,73.489361629483497,0.0015608008573964,0.0030003523735547002,-0.0014395515161583,6.6234178562794804e-07,2145
700,51,71966881,4,1400,4.0605853550196898,4.0346820809248598,0.025903274094834401,230.147837444445,58.1859473935029,0.0028198745623598002,0.0043872276283905996,-0.0015673530660307001,9.748365653371991e-07,2151
700,52,72966884,4,1400,4.0615782598511796,4.0346820809248598,0.0268961789263269,219.77521821796799,55.618372673282799,0.0030693547901376001,0.0046957145050987,-0.0016263597149610001,2.8198243767579601e-07,2152
700,53,73966887,4,1400,4.0704989839644803,4.0346820809248598,0.035816903039626702,232.15527084004199,58.542274307309803,0.0021686201458082002,0.0043307092653870997,-0.0021620891195789,7.8942520470529402e-07,2153
700,60,80966908,4,1400,4.06108425249045,4.0346820809248598,0.026402171565594702,237.86809093517201,60.080078773692399,0.0025772941527762001,0.0041750877325146003,-0.0015977935797384,9.1750758353301802e-07,2160
700,63,83966917,4,1400,4.0627243466840399,4.0346820809248598,0.028042265759187199,248.43797928517299,62.658306883024601,0.0022090505779767998,0.0039060271357635999,-0.0016969765577868,8.6194198684178601e-07,2163
700,66,86966926,4,1400,4.0470038528871601,4.0346820809248598,0.012321771962300301,271.03410045096098,68.4773520233787,0.002652164098327,0.0034012195788957998,-0.00074905548056880002,7.9537747754985999e-07,2166
700,69,89966935,4,1400,4.0594159758847903,4.0346820809248598,0.0247338949599323,281.25513020294699,70.791947375418104,0.0017001105876233999,0.0031995203952456999,-0.0014994098076222,1.9627222779772099e-07,2169
700,70,90966938,4,1400,4.06113961995396,4.0346820809248598,0.026457539029108201,263.83527853541898,66.473350552830397,0.0019501975696047001,0.0035526588478799002,-0.0016024612782752001,5.0357925873469697e-07,2170
700,71,91966941,4,1400,4.0529737188196497,4.0346820809248598,0.018291637894791699,258.69988191653698,65.336182207042995,0.0025559027047495002,0.0036658412144040002,-0.0011099385096545,4.35632167659016e-07,2171
700,76,96966956,4,1400,4.0644175404343503,4.0346820809248598,0.029735459509495899,276.34697009331302,69.499701221571399,0.0014943485651524001,0.0032945146713804002,-0.0018001661062278999,7.5851384725380004e-07,2176
700,83,103966977,4,1400,4.0590476033749496,4.0346820809248598,0.024365522450098698,251.42173196340599,63.448338741968897,0.0023582120228319002,0.003834169008216,-0.0014759569853840999,6.7401675153011305e-07,2183
700,86,106966986,4,1400,4.0601553035200402,4.0346820809248598,0.025473222595183,253.222897511545,63.875194319414,0.0022488880236501002,0.0037916109582478998,-0.0015427229345978,7.9628202834801495e-07,2186
700,89,109966995,4,1400,4.0713487198170304,4.0346820809248598,0.036666638892177701,240.83527649963699,60.662446512723001,0.001883558731125,0.0040971725134524998,-0.0022136137823274,5.8476181649219801e-07,2189
1000,18,39269558,4,2000,4.0477500430170004,4.0241935483870996,0.023556494629903401,300.24188348109902,75.6809043914798,0.0020664456071597002,0.0035029778120771,-0.0014365322049173001,7.4373792143390098e-07,2218
1000,40,61269624,4,2000,4.0333995828807003,4.0241935483870996,0.0092060344936078006,348.25299692532599,87.846440415575401,0.0022489144132527999,0.0028128391502397002,-0.00056392473698690005,6.1087169818237496e-07,2240
1000,49,70269651,4,2000,4.0452055984655404,4.0241935483870996,0.021012050078438101,309.16400347209202,77.932853216101705,0.0020760901685525001,0.0033585108371059001,-0.0012824206685533,9.9807011705829698e-07,2249
1000,82,103269750,4,2000,4.0348888907777596,4.0241935483870996,0.010695342390661699,300.05413023183303,75.869228740558995,0.0028518060455950001,0.0035061102126477,-0.00065430416705260003,5.5304375653879697e-07,2282
1000,87,108269765,4,2000,4.0406536555154897,4.0241935483870996,0.016460107128394501,334.11209227003599,84.192665181874602,0.0019892788370810001,0.0029955022634839002,-0.0010062234264029001,5.3124323296210704e-07,2287
1000,121,142269867,4,2000,4.0361466438385101,4.0241935483870996,0.0119530954514131,362.06535702191502,91.210176920224001,0.0019163326490341001,0.0026481948219543002,-0.00073186217292010001,9.3437723982139805e-07,2321
1000,136,157269912,4,2000,4.0421077300956698,4.0241935483870996,0.0179141817085746,337.39178169481198,84.974477888786595,0.0018569879264293001,0.0029517735456582,-0.0010947856192289,9.8910796952106098e-07,2336
1000,170,191270014,4,2000,4.0340853781522599,4.0241935483870996,0.0098918297651673006,338.64137468662398,85.449243859371407,0.0023296036653682002,0.0029353353259619001,-0.00060573166059370005,5.94200613890338e-07,2370
1000,192,213270080,4,2000,4.0399787948649397,4.0241935483870996,0.015785246477839202,309.204873981726,78.0412096290748,0.0023932065627371001,0.0033578682448055998,-0.00096466168206840004,3.0300183002760302e-07,2392
1000,238,259270218,4,2000,4.0432154742755202,4.0241935483870996,0.0190219258884223,334.25434619966302,84.175770244229994,0.0018314906037105001,0.0029935877618868,-0.0011620971581762,4.3090794562687997e-07,2438
1000,239,260270221,4,2000,4.0325254507752604,4.0241935483870996,0.0083319023881616005,364.74842123573899,91.955643444750706,0.0021070362229728,0.0026176588751109001,-0.0005106226521381,9.4097612970975695e-07,2439
1000,304,325270416,4,2000,4.0375661218204097,4.0241935483870996,0.013372573433314499,338.22087217617297,85.273155722379599,0.0021226888622133998,0.0029408534173288002,-0.00081816455511539996,4.5890752486804401e-07,2504
1000,335,356270509,4,2000,4.0308555883485901,4.0241935483870996,0.0066620399614939997,348.67905509564599,88.006320888300607,0.0023992181410481999,0.0028075655295092998,-0.00040834738846110002,6.7551308787869405e-07,2535
1000,368,389270608,4,2000,4.0373897145176496,4.0241935483870996,0.0131961661305526,316.199713753004,79.8224883515568,0.0024432656947606999,0.0032503379875157001,-0.00080707229275490001,9.8176495389709904e-07,2568
1000,370,391270614,4,2000,4.03797349752982,4.0241935483870996,0.013779949142720399,299.67666094636598,75.719319639371506,0.0026700591239009002,0.0035124196380002001,-0.00084236051409930003,4.68282153153178e-07,2570
1000,376,397270632,4,2000,4.0315280835387801,4.0241935483870996,0.0073345351516813,340.59950548722702,85.987882097712301,0.0024603844468498001,0.0029098189856928002,-0.00044943453884300003,4.9154202948415797e-07,2576
1000,404,425270716,4,2000,4.0368180378482199,4.0241935483870996,0.012624489461122001,333.56877063610398,84.136169486606093,0.0022303551563337999,0.0030028294987699002,-0.00077247434243609997,1.5228532831299701e-07,2604
1000,417,438270755,4,2000,4.0400535953893204,4.0241935483870996,0.015860047002219001,329.165199060693,82.980410572740894,0.0020935105215678,0.0030631085599690001,-0.00096959803840119998,9.5548174577768991e-07,2617
1000,434,455270806,4,2000,4.04059331655424,4.0241935483870996,0.0163997681671448,298.54569708930501,75.391622034505005,0.0025295885003256999,0.0035314192926369,-0.0010018307923111999,4.0425606917644499e-07,2634
1000,448,469270848,4,2000,4.0355186960170002,4.0241935483870996,0.0113251476298988,353.10043733343798,89.002554449813303,0.0020601648696536999,0.0027535902793159,-0.00069342540966210004,9.8250153619925897e-07,2648
1200,20,41471364,4,2400,4.0354605542349402,4.0201342281879198,0.0153263260470196,412.63712387387801,103.75718965612801,0.0014489939296922999,0.0023891371277762002,-0.00094014319808379996,8.5403426421730396e-07,2720
1200,69,90471511,4,2400,4.0269385260835202,4.0201342281879198,0.0068042978956048003,431.19115524714601,108.58001168193699,0.0018140976702124001,0.0022324563091148,-0.00041835863890230001,9.9414182526635092e-07,2769
1200,105,126471619,4,2400,4.0292254452013703,4.0201342281879198,0.0090912170134459999,329.33465818814,83.240095029663394,0.0027523082071442,0.0033101544719941001,-0.00055784626484990001,3.7254319789803701e-07,2805
1200,125,146471679,4,2400,4.0375687418813397,4.0201342281879198,0.017434513693423501,330.81791574311001,83.439583188008299,0.0022220811426721001,0.0032896991745960998,-0.0010676180319238999,6.8370919373822501e-07,2825
1200,127,148471685,4,2400,4.0213673402463401,4.0201342281879198,0.0012331120584247999,413.97565342290397,104.4466601661,0.0023014561424000999,0.0023773637643022,-7.5907621902113605e-05,9.4726438784198601e-07,2827
1200,132,153471700,4,2400,4.0182237306847499,4.0201342281879198,-0.001910497503168,447.00446910927099,112.74656333542001,0.0022269264110175999,0.0021091864587264001,0.0001177399522912,2.77501011094314e-07,2832
1200,193,214471883,4,2400,4.0245379808319397,4.0201342281879198,0.0044037526440199003,386.67161002501302,97.581558805505296,0.0023628740139289002,0.0026336501671797002,-0.00027077615325070002,8.0667812615519899e-07,2893
1200,204,225471916,4,2400,4.0234060247006402,4.0201342281879198,0.0032717965127159999,451.23651307411899,113.65577309766,0.0018762773060248001,0.0020776618461459001,-0.00020138454012110001,7.0214419389257402e-07,2904
1200,230,251471994,4,2400,4.0270379491670596,4.0201342281879198,0.0069037209791398,360.47716829460501,91.017579046277206,0.0024919386070291001,0.0029160112147472998,-0.00042407260771810002,9.0990825531141902e-07,2930
1200,269,290472111,4,2400,4.0174152801468397,4.0201342281879198,-0.0027189480410783002,436.92140698974202,110.25901149810301,0.0023543358924776,0.0021867563068517001,0.0001675795856258,5.4476218818304997e-07,2969
1200,276,297472132,4,2400,4.0241132934353301,4.0201342281879198,0.0039790652474076,353.53177295301299,89.356330726383504,0.0027533239233342999,0.0029978966090130998,-0.00024457268567880001,7.9444909148753497e-07,2976
1200,317,338472255,4,2400,4.02066437877059,4.0201342281879198,0.00053015058266840003,395.50055319230103,99.869534939001696,0.0025142737042972,0.0025469070497059999,-3.26333454087821e-05,3.9874298863519702e-07,3017
1200,323,344472273,4,2400,4.0333466780609299,4.0201342281879198,0.013212449873012001,360.57310332438499,90.902128256465204,0.0021045730210394,0.0029149022396058001,-0.00081032921856640005,8.5408595551788196e-07,3023
1200,325,346472279,4,2400,4.0207266116853599,4.0201342281879198,0.0005923834974392,419.108196195625,105.739506920369,0.0022964424943218999,0.0023329162672355002,-3.6473772913582503e-05,9.8717171796121198e-07,3025
1200,334,355472306,4,2400,4.02435657586165,4.0201342281879198,0.0042223476737337003,420.92797668897401,106.098125659942,0.0020576714679575998,0.0023174173718608,-0.00025974590390310002,7.50665726625221e-07,3034
1200,366,387472402,4,2400,4.0276668069243398,4.0201342281879198,0.0075325787364154996,370.74770135891401,93.553675856947507,0.0023378446151980999,0.0028005456611229999,-0.00046270104592479997,6.9885964825210596e-07,3066
1200,393,414472483,4,2400,4.0206661459408002,4.0201342281879198,0.00053191775288479999,439.550680660235,110.825418704366,0.0021334252921604,0.0021661860744178999,-3.2760782257436098e-05,9.4239071386807902e-07,3093
1200,405,426472519,4,2400,4.0486758003324104,4.0201342281879198,0.028541572144492398,291.81947704953598,73.583769816418197,0.0021551013674370998,0.0038966585322207001,-0.0017415571647834999,5.4077551530616799e-07,3105
1200,418,439472558,4,2400,4.0235784329315196,4.0201342281879198,0.0034442047436006999,422.81258844350299,106.586649777156,0.0020895845829303002,0.0023015069431616001,-0.0002119223602313,5.3335441286455897e-07,3118
1200,483,504472753,4,2400,4.0339767099029897,4.0201342281879198,0.0138424817150726,384.79301380198899,96.8922220559311,0.0018034854598241001,0.0026526207060141001,-0.00084913524618989995,5.5351521271738502e-07,3183
1300,6,27572222,4,2600,4.03352617475994,4.01857585139319,0.0149503233667545,402.56744332549403,101.309493303453,0.0016584363270031001,0.0025762009602522001,-0.00091776463324910003,7.7434888025382402e-07,3206
1300,23,44572273,4,2600,4.01662391246896,4.01857585139319,-0.0019519389242280999,450.56526476526102,113.67718831359301,0.0022990501116804001,0.0021786570662395998,0.00012039304544080001,7.9242573085208802e-07,3223
1300,46,67572342,4,2600,4.0126240341219299,4.01857585139319,-0.0059518172712556003,470.82623860423701,118.837818488656,0.0024027098424894999,0.0020351735968297999,0.00036753624565970001,5.8653635274639004e-07,3246
1300,55,76572369,4,2600,4.0297853724416397,4.01857585139319,0.0112095210484506,393.16759577930497,99.069089283076195,0.0019767405721962,0.0026654214006436002,-0.00068868082844730002,3.99326620344041e-07,3255
1300,86,107572462,4,2600,4.0366796292778,4.01857585139319,0.018103777884611798,341.31879428380302,86.058886494039697,0.0021363837424162998,0.0032458659285118999,-0.0011094821860956,8.0885274868926005e-07,3286
1300,157,178572675,4,2600,4.0197946599964904,4.01857585139319,0.0012188086032987001,456.88466673929901,115.161170666549,0.0020574207237751001,0.0021325389447100001,-7.5118220934959897e-05,4.0067371261240902e-07,3357
1300,160,181572684,4,2600,4.0226185001165504,4.01857585139319,0.0040426487233649003,419.92446718908297,105.893637030734,0.0021730580253418999,0.0024219508972224001,-0.0002488928718805,9.0574133961769602e-07,3360
1300,161,182572687,4,2600,4.0264744065495703,4.01857585139319,0.0078985551563794006,406.36553271811101,102.42669953705899,0.0020555787592121998,0.0025413215135573,-0.0004857427543451,6.3087649739794597e-07,3361
1300,163,184572693,4,2600,4.01906346070471,4.01857585139319,0.00048760931152439999,471.67000955105601,118.86056071531,0.0019994027783179998,0.0020294655757852002,-3.0062797467230199e-05,5.2561587622250199e-07,3363
1300,168,189572708,4,2600,4.0208277732077704,4.01857585139319,0.0022519218145777,409.75409642722798,103.410485179132,0.0023720594395509002,0.0025107487001642002,-0.00013868926061330001,7.9088502554561396e-07,3368
1300,178,199572738,4,2600,4.0221722149966102,4.01857585139319,0.0035963636034236999,390.66711567610997,98.631147278310607,0.0024685168538287998,0.0026898781509223,-0.00022136129709340001,9.3891218812940999e-07,3378
1300,262,283572990,4,2600,4.0281830019318896,4.01857585139319,0.0096071505387049002,453.62594276935999,114.11654052231501,0.0015652870857439001,0.0021561602029212998,-0.00059087311717729999,5.3721471355404195e-07,3462
1300,265,286572999,4,2600,4.0340617535105396,4.01857585139319,0.0154859021173488,353.15618547508802,89.047796253665794,0.0021484825017951,0.0030983330218577001,-0.00094985052006259999,6.0549999771433799e-07,3465
1300,314,335573146,4,2600,4.0276058946051201,4.01857585139319,0.0090300432119344992,461.81239178430599,116.165188586778,0.0015419478848333001,0.0020974529154800001,-0.00055550503064660003,9.3457522058690396e-07,3514
1300,346,367573242,4,2600,4.0226268955242004,4.01857585139319,0.0040510441310076997,401.22733574049198,101.245430876226,0.0023393145418945001,0.0025886653327891998,-0.00024935079089470001,5.8946865122605999e-07,3546
1300,377,398573335,4,2600,4.0233398040368904,4.01857585139319,0.0047639526436968,443.32461876275499,111.691111687182,0.0019397907539929001,0.0022331145633410002,-0.0002933238093481,5.4196610720360304e-07,3577
1300,378,399573338,4,2600,4.01533912626165,4.01857585139319,-0.0032367251315345998,444.76826030636698,112.269207047061,0.0024218049411332001,0.0022221152986441998,0.00019968964248889999,8.6785206687819101e-07,3578
1300,390,411573374,4,2600,4.0263961189060904,4.01857585139319,0.0078202675128960005,415.01175378382999,104.576036218534,0.0019833119545928,0.0024643005419669002,-0.0004809885873741,2.8783818876174198e-07,3590
1300,438,459573518,4,2600,4.0230282647368698,4.01857585139319,0.0044524133436834,465.36991750278202,117.179384232161,0.0017983647524035,0.0020725847310802,-0.00027421997867669998,8.6485301425123399e-07,3638
1300,495,516573689,4,2600,4.02142397545171,4.01857585139319,0.0028481240585183001,450.82302168966498,113.607983737712,0.0020012915753807002,0.0021767506994373,-0.00017545912405650001,7.08860190254065e-07,3695
1400,2,23673110,4,2800,4.02634273192424,4.0172413793103496,0.0091013526138912001,399.47947214314701,100.719731444611,0.0021274269845837001,0.0026872967312073998,-0.00055986974662360002,9.6516778671167297e-07,3702
1400,3,24673113,4,2800,4.0181359142165096,4.0172413793103496,0.00089453490616170004,464.17224690986501,117.021556309511,0.0021080419791542002,0.0021632207394932002,-5.51787603390178e-05,4.5827239525562199e-07,3703
1400,5,26673119,4,2800,4.0169960439345598,4.0172413793103496,-0.00024533537578710001,422.66675803978097,106.721724641493,0.0024961393615166002,0.0024810108616471001,1.51284998694545e-05,5.0157247397196404e-07,3705
1400,29,50673191,4,2800,4.0146092050778099,4.0172413793103496,-0.0026321742325317002,462.87922847054398,116.800521045971,0.0023347643658709,0.0021722607717253001,0.0001625035941456,8.9654473626169102e-07,3729
1400,30,51673194,4,2800,4.0197880485165802,4.0172413793103496,0.0025466692062367999,431.99378527678402,108.969268016895,0.0022473047779539,0.0024042782859354001,-0.0001569735079814,7.7164545991515705e-07,3730
1400,33,54673203,4,2800,4.0258011032222498,4.0172413793103496,0.0085597239119072008,410.39575434991002,103.44459291680499,0.0020605825483429002,0.0025872761091493002,-0.00052669356080639997,4.5929048096299401e-07,3733
1400,35,56673209,4,2800,4.0202282140063996,4.0172413793103496,0.0029868346960508002,449.06352567452598,113.203519308537,0.0020879849649263998,0.0022721019347248001,-0.00018411696979839999,9.2165859285107301e-07,3735
1400,42,63673230,4,2800,4.0311415819191598,4.0172413793103496,0.0139002026088129,374.439388385678,94.390550125475997,0.0020849917323663,0.0029387584652272999,-0.00085376673286089995,1.9145733759167001e-07,3742
1400,45,66673239,4,2800,4.0243966772411497,4.0172413793103496,0.0071552979308008996,461.22577840324197,116.110465544993,0.0017432263802907,0.0021838945810774999,-0.00044066820078680002,4.7442250701270298e-07,3745
1400,46,67673242,4,2800,4.0243541130898901,4.0172413793103496,0.0071127337795465996,468.206570905104,117.84630916437899,0.0016972560563731,0.002135336023724,-0.00043807996735080001,5.4909146258391604e-07,3746
1400,48,69673248,4,2800,4.0269281888736099,4.0172413793103496,0.0096868095632646999,394.85104339190502,99.556009189754405,0.0021356112789632999,0.0027313743321524999,-0.00059576305318909996,7.1128056079564004e-07,3748
1400,49,70673251,4,2800,4.0146260382835202,4.0172413793103496,-0.0026153410268277,437.94721925749701,110.58974579948,0.0025184335842467001,0.0023570088529154998,0.0001614247313311,4.6265094669887902e-07,3749
1400,61,82673287,4,2800,4.0172076557033503,4.0172413793103496,-3.3723606992275299e-05,432.533266733338,109.172270833889,0.0024020213714458999,0.0023999412638830001,2.0801075628516399e-06,6.8980796609452595e-07,3761
1400,65,86673299,4,2800,4.0168603778706098,4.0172413793103496,-0.00038100143973799998,431.35197508908499,108.887455093204,0.0024329581908521,0.0024094520835931999,2.3506107258885799e-05,7.9592304019516e-07,3765
1400,70,91673314,4,2800,4.0308045965403396,4.0172413793103496,0.013563217229998,383.94355672475098,96.756157814429997,0.0020062027861936999,0.0028394520437295999,-0.00083324925753590004,1.3416053748318099e-07,3770
1400,83,104673353,4,2800,4.0173291407154803,4.0172413793103496,8.7761405135111699e-05,476.10543739367802,120.015084467698,0.0020766936094896,0.0020821085014041999,-5.4148919145678396e-06,3.7980908834841502e-07,3783
1400,86,107673362,4,2800,4.0197195251473197,4.0172413793103496,0.0024781458369771002,436.07226692732399,109.985708623105,0.0022189943380070999,0.0023717564788390002,-0.00015276214083189999,9.2599290928595495e-07,3786
1400,88,109673368,4,2800,4.0257900681375904,4.0172413793103496,0.0085486888272479009,418.72987046986498,105.515051722481,0.0019883561306009,0.0025144252180201998,-0.00052606908741929998,7.7413286138405396e-07,3788
1400,98,119673398,4,2800,4.0311908459872701,4.0172413793103496,0.0139494666769293,409.89531625323798,103.184818808781,0.0017345642101262999,0.0025917448654549,-0.00085718065532850005,9.9059327414991493e-07,3798
1400,99,120673401,4,2800,4.0216140635286797,4.0172413793103496,0.0043726842183371001,453.54918749676699,114.280585311171,0.0019695513995071001,0.0022390188134496,-0.00026946741394249997,7.8139651825152899e-07,3799
1500,86,107774262,4,3000,4.0227761022897903,4.0160857908847198,0.0066903114050713003,454.63671801128299,114.518496355875,0.0018901175796198,0.0023024074368248998,-0.000412289857205,2.0539201256516e-07,3886
1500,95,116774289,4,3000,4.0109277814023496,4.0160857908847198,-0.0051580094823692997,476.81723595664801,120.380898842921,0.0024675908608853998,0.0021487243998076001,0.00031886646107780002,3.29551722251454e-07,3895
1500,108,129774328,4,3000,4.0089881516468298,4.0160857908847198,-0.0070976392378837997,501.771153854842,126.66266673601901,0.0024311446820660999,0.0019920666767296001,0.00043907800533640002,8.6987915801094697e-07,3908
1500,204,225774616,4,3000,4.0084964128857896,4.0160857908847198,-0.0075893779989283996,502.79665511205002,126.93379151105,0.0024555209754965998,0.0019859613511114,0.00046955962438509997,3.3592825554662899e-07,4004
1500,231,252774697,4,3000,4.0151529765319003,4.0160857908847198,-0.00093281435281679999,439.54296277578402,110.972925076339,0.0024734428132524001,0.0024158568277570999,5.7585985495266303e-05,2.9819423763802901e-07,4031
1500,247,268774745,4,3000,4.0140512718081602,4.0160857908847198,-0.0020345190765613001,491.68420185208402,123.992512136427,0.0021791663620063999,0.0020534766225223,0.00012568973948409999,8.9743690780753201e-07,4047
1500,281,302774847,4,3000,4.0163328959261699,4.0160857908847198,0.0002471050414554,517.03905839948197,130.236147220558,0.0018884117260105999,0.0019036730204780999,-1.5261294467549399e-05,8.2144667779329104e-07,4081
1500,291,312774877,4,3000,4.0226860063231298,4.0160857908847198,0.0066002154384071999,433.11817821061402,109.17171990573701,0.0020598889586434998,0.0024665467390673,-0.00040665778042380001,7.7273310634117201e-07,4091
1500,303,324774913,4,3000,4.0204147908671501,4.0160857908847198,0.0043289999824365002,456.93500991556999,115.156238040178,0.0020188550696877,0.0022857902711614,-0.0002669352014736,5.6592285493673305e-07,4103
1500,340,361775024,4,3000,4.0225952885890797,4.0160857908847198,0.0065094977043632998,426.763638900128,107.594425609147,0.0021171341739511002,0.0025181837332895998,-0.00040104955933839998,9.5481253441520506e-07,4140
1500,347,368775045,4,3000,4.0132001333087901,4.0160857908847198,-0.0028856575759297,454.354392919833,114.71662933444701,0.0024827120020558999,0.0023044603044369998,0.0001782516976189,4.9581869574456899e-07,4147
1500,367,388775105,4,3000,4.0187786883540504,4.0160857908847198,0.0026928974693366998,471.576579353157,118.845593093166,0.0020175901360116998,0.0021837311853700999,-0.00016614104935840001,2.9396554656945598e-07,4167
1500,374,395775126,4,3000,4.01984968136522,4.0160857908847198,0.0037638904805037,418.56391739277399,105.62673912626801,0.0023550997520625002,0.0025871315646343999,-0.00023203181257190001,9.6688419706873499e-07,4174
1500,388,409775168,4,3000,4.0097685566539703,4.0160857908847198,-0.0063172342307522,519.66448416572098,131.100838968565,0.0022797746685288998,0.0018889964677437001,0.00039077820078510002,9.5511852331867003e-07,4188
1500,404,425775216,4,3000,4.0154787404613996,4.0160857908847198,-0.0006070504233202,485.07905618822002,122.30422478139199,0.0021325611179052999,0.0020950728865428,3.7488231362526797e-05,6.7409889653963998e-07,4204
1500,436,457775312,4,3000,4.0108574244656996,4.0160857908847198,-0.0052283664190220002,502.60022775500897,126.81127456559101,0.0023104200171682999,0.0019871288530679001,0.00032329116410029999,6.3078924781680797e-07,4236
1500,454,475775366,4,3000,4.0188309226015697,4.0160857908847198,0.0027451317168525001,518.27797365326398,130.46471765941499,0.0017273052138202,0.0018967287568349,-0.0001694235430147,7.80366185221041e-07,4254
1500,469,490775411,4,3000,4.0230815245012401,4.0160857908847198,0.0069957336165211003,461.424677815471,116.197208032649,0.0018226996067112001,0.0022538064999590001,-0.00043110689324769998,6.9719267946243604e-07,4269
1500,470,491775414,4,3000,4.0244841753152301,4.0160857908847198,0.0083983844305111008,381.70632121274701,96.349064692373105,0.0024167385707827998,0.0029336342248663999,-0.00051689565408359996,7.7849945698438503e-07,4270
1500,478,499775438,4,3000,4.0195504615195201,4.0160857908847198,0.0034646706347984,447.99880962730498,112.957385413046,0.0021376909617601999,0.0023513583266529998,-0.00021366736489279999,6.91217889383948e-07,4278
1600,48,69875048,4,3200,4.0239558649671299,4.0150753768844201,0.0088804880827124,500.40345536621999,125.85907602041701,0.0015152017251909,0.0020626595439725,-0.00054745781878160003,8.4378312618171796e-07,4348
1600,49,70875051,4,3200,4.0138707188292599,4.0150753768844201,-0.0012046580551601,513.58645025479404,129.454640540236,0.0020600776675717002,0.0019856198244262002,7.4457843145496599e-05,9.7970163507504904e-07,4349
1600,55,76875069,4,3200,4.0114329225822303,4.0150753768844201,-0.0036424543021923998,491.18211359949498,123.94697585990799,0.0023442373574962001,0.0021190058878804,0.0002252314696157,9.6842055029425599e-07,4355
1600,89,110875171,4,3200,4.0231303424465699,4.0150753768844201,0.0080549655621514997,466.23169550347097,117.390667477883,0.0017861153800708999,0.0022826377814576999,-0.00049652240138679999,7.8479592617873097e-07,4389
1600,91,112875177,4,3200,4.0166056630278897,4.0150753768844201,0.0015302861434721999,510.64988412723801,128.636749569156,0.0019079188454356999,0.0020024363958689,-9.4517550433112396e-05,3.1709776686573601e-07,4391
1600,108,129875228,4,3200,4.0148647921779004,4.0150753768844201,-0.00021058470652229999,532.80034580829101,134.208774230828,0.0018931815391846,0.0018801636926812,1.30178465033398e-05,9.03123141758796e-07,4408
1600,164,185875396,4,3200,4.0153178759884796,4.0150753768844201,0.00024249910405770001,470.29395178942099,118.626868903965,0.0022398352192308998,0.0022548130745713999,-1.49778553404341e-05,4.1862282118484301e-07,4464
1600,166,187875402,4,3200,4.0131635840298499,4.0150753768844201,-0.0019117928545727999,535.49206405428595,134.93553999244,0.0019842011678459,0.0018659944536071,0.00011820671423879999,7.5209747883661796e-07,4466
1600,170,191875414,4,3200,4.0128648545023697,4.0150753768844201,-0.0022105223820476001,549.480329689021,138.43128997723599,0.0019312930739150999,0.001794595286034,0.00013669778788110001,8.28895689110492e-07,4470
1600,195,216875489,4,3200,4.0095350251186703,4.0150753768844201,-0.0055403517657532002,502.53970270312902,126.837343799376,0.0023926828410283998,0.0020499011701572002,0.00034278167087120002,8.7147215406569295e-07,4495
1600,224,245875576,4,3200,4.0240781000933898,4.0150753768844201,0.0090027232089696999,458.77763781957901,115.511126445049,0.0017802022653838,0.0023349765114876,-0.00055477424610379995,9.666427936205591e-07,4524
1600,229,250875591,4,3200,4.0103900101079999,4.0150753768844201,-0.0046853667764218997,497.26524971207402,125.495532513321,0.0023714106022598002,0.0020816007425324,0.00028980985972730001,6.8125295172416102e-07,4529
1600,242,263875630,4,3200,4.0113305323628801,4.0150753768844201,-0.0037448445215443999,504.208938978437,127.197595881624,0.0022716002206061001,0.0020400071825639999,0.00023159303804199999,7.6765850409739196e-07,4542
1600,256,277875672,4,3200,4.0149176754026703,4.0150753768844201,-0.00015770148175330001,485.26816417917001,122.36813768277401,0.0021660119405517999,0.0021562697383490999,9.7422022026939104e-06,5.2977510710800804e-07,4556
1600,271,292875717,4,3200,4.0146819101103803,4.0150753768844201,-0.0003934667740459,497.16427242016101,125.33835605374099,0.0021065229478429998,0.0020822141798101002,2.4308768032866301e-05,9.9029923906097193e-07,4571
1600,272,293875720,4,3200,4.0188217328872202,4.0150753768844201,0.0037463560027938998,476.241023264631,120.00499121016701,0.0019837337563507998,0.0022149343345117,-0.0002312005781609,8.9936137588808904e-07,4572
1600,300,321875804,4,3200,4.0076862741019301,4.0150753768844201,-0.0073891027824871999,515.84774376782298,130.21556097172899,0.0024302229580694,0.0019728007605713999,0.0004574221974979,1.6316593949518701e-07,4600
1600,380,401876044,4,3200,4.0055163200545003,4.0150753768844201,-0.0095590568299178998,557.98015837405103,140.80361822168101,0.0023452063814987999,0.0017529588322335,0.00059224754926520001,9.2757963455613996e-07,4680
1600,394,415876086,4,3200,4.0079258344381596,4.0150753768844201,-0.0071495424462666001,525.64269091835797,132.65179172820299,0.0023611457365548,0.0019185476805716,0.00044259805598309998,9.1449999324953195e-07,4694
1600,473,494876323,4,3200,4.0141645936931596,4.0150753768844201,-0.00091078319126490005,483.39241438841498,121.92343642489701,0.0022245546181218,0.0021682793162033998,5.6275301918481697e-05,5.3894007455196302e-07,4773
1700,13,34975843,4,3400,4.0052814225974203,4.0141843971631204,-0.0089029745656973996,556.56305702090697,140.45795053071001,0.0023666433818547001,0.0018148946355248999,0.00055174874632969999,3.4959215885676799e-07,4813
1700,100,121976104,4,3400,4.0114070838092104,4.0141843971631204,-0.0027773133539116999,576.79173749863105,145.28930610119099,0.0018921417481917,0.0017202629353575,0.0001718788128342,4.7048302730104502e-07,4900
1700,102,123976110,4,3400,4.0068878910287804,4.0141843971631204,-0.0072965061343398998,577.11303815725603,145.53110294245701,0.0021708804346948999,0.0017188133820414001,0.00045206705265339998,2.37262344800111e-07,4902
1700,130,151976194,4,3400,4.0088390686010396,4.0141843971631204,-0.0053453285620843,540.23981851810004,136.26326401606701,0.0022273615259294998,0.0018964228355619001,0.00033093869036750001,5.8958924918354304e-07,4930
1700,161,182976287,4,3400,4.0304977927220902,4.0141843971631204,0.016313395558966302,387.13239628754599,97.554548368347795,0.0019927273042997999,0.0029958149878529,-0.0010030876835530999,5.7214316673294596e-07,4961
1700,187,208976365,4,3400,4.0158730450894904,4.0141843971631204,0.0016886479263735,565.28807909566399,142.265410057851,0.0016688664042666,0.0017732475297346001,-0.00010438112546800001,3.1843654237172903e-07,4987
1700,188,209976368,4,3400,4.0171744160101301,4.0141843971631204,0.0029900188470132999,527.43198062661497,132.79640717492501,0.0017792095525885,0.0019639261762513,-0.00018471662366270001,5.8512181438051097e-07,4988
1700,224,245976476,4,3400,4.0114378013132299,4.0141843971631204,-0.0027465958498939999,508.24441523286401,128.20024073454101,0.0022413171540762999,0.0020714199457949,0.00016989720828129999,7.8874591948878702e-07,5024
1700,232,253976500,4,3400,4.0180898571221304,4.0141843971631204,0.0039054599590099999,526.40990997880795,132.51224073465599,0.0017282410963558,0.0019694544926998998,-0.00024121339634410001,1.7654698441434601e-07,5032
1700,271,292976617,4,3400,4.0093096562859802,4.0141843971631204,-0.0048747408771383002,535.88098711846806,135.16032755835101,0.0022207930629021999,0.001919033723926,0.0003017593389762,2.02078983394565e-07,5071
1700,275,296976629,4,3400,4.0137213448011604,4.0141843971631204,-0.00046305236196260001,543.93332215011901,137.020166044668,0.0019061812632463,0.0018775468877046001,2.8634375541676099e-05,6.4700362566320904e-07,5075
1700,286,307976662,4,3400,4.0133998488926599,4.0141843971631204,-0.00078454827045869996,573.75736756214405,144.46209911598501,0.0017825605094957001,0.0017340326111712,4.8527898324526601e-05,9.1450748316558904e-07,5086
1700,337,358976815,4,3400,4.0106071198270197,4.0141843971631204,-0.0035772773361041998,552.09336584864195,139.159624286221,0.0020581352618024001,0.0018367396887567001,0.00022139557304569999,2.2148737335746199e-07,5137
1700,367,388976905,4,3400,4.0123405843277702,4.0141843971631204,-0.0018438128353528,570.53808150659802,143.69736345077601,0.0018628784100083,0.0017488015451887001,0.0001140768648196,7.27654130281029e-07,5167
1700,371,392976917,4,3400,4.0112112534604902,4.0141843971631204,-0.002973143702631,503.50120673940899,127.024880445683,0.0022831698225216999,0.0020992556093503002,0.00018391421317139999,9.4099855698450896e-07,5171
1700,396,417976992,4,3400,4.0039710288016401,4.0141843971631204,-0.0102133683614767,602.695468785608,152.02492888129001,0.0022416987597569001,0.0016083583547514999,0.00063334040500540002,4.1947918491867902e-07,5196
1700,398,419976998,4,3400,4.0110732253427699,4.0141843971631204,-0.0031111718203503998,472.27402842724899,119.243939870555,0.0024888786869294,0.0022964709339186999,0.00019240775301070001,9.4602389087312905e-07,5198
1700,415,436977049,4,3400,4.0114710840687202,4.0141843971631204,-0.0027133130943957002,641.411944651883,161.39587522982299,0.0016259271058917,0.0014579529841708999,0.00016797412172069999,9.01867418026775e-07,5215
1700,421,442977067,4,3400,4.0130074775385403,4.0141843971631204,-0.0011769196245817999,524.07430257105,132.09552207947399,0.0020549499020054,0.0019821685866690999,7.2781315336286698e-05,9.0906028450943202e-07,5221
1700,481,502977247,4,3400,4.0168938835617096,4.0141843971631204,0.0027094863985874002,463.87385942818401,116.982838104275,0.0021867437162321002,0.0023540542346275999,-0.0001673105183955,7.7769689433707998e-07,5281
1800,32,54076800,4,3600,4.0138611484183704,4.0133928571428603,0.00046829127551799998,560.844874444928,141.22875133067899,0.0018142854928541001,0.0018432510673206,-2.8965574466510099e-05,7.36023982991896e-07,5332
1800,37,59076815,4,3600,4.0085131595624803,4.0133928571428603,-0.0048796975803764003,580.08084440073901,146.21328330584899,0.0020567343624263998,0.0017544625329159,0.00030227182951039999,8.3385934011995804e-07,5337
1800,53,75076863,4,3600,4.0078256112960302,4.0133928571428603,-0.0055672458468301001,623.72473385469902,157.127691607472,0.0019183272345199001,0.0015733218364783,0.0003450053980415,8.0968835729746798e-07,5353
1800,120,142077064,4,3600,4.0070970428414601,4.0133928571428603,-0.0062958143013940003,623.95403308167897,157.21312101884001,0.0019626650097479001,0.0015724370650191,0.00039022794472880001,9.9991265076329494e-07,5420
1800,124,146077076,4,3600,4.0121808620139401,4.0133928571428603,-0.0012119951289121999,495.88795062713501,125.097131223245,0.0022689471785675998,0.0021939813098834,7.4965868684147806e-05,7.7525897688374395e-07,5424
1800,127,149077085,4,3600,4.0105289215625097,4.0133928571428603,-0.0028639355803505,610.11180782512304,153.62883005311701,0.0018043874626204001,0.0016270402483608,0.00017734721425960001,8.5309193168394701e-07,5427
1800,196,218077292,4,3600,4.0102775871856799,4.0133928571428603,-0.0031152699571732,575.89367938904502,145.10572448911699,0.0019661695941121998,0.0017732844266329999,0.0001928851674792,6.4076759139930799e-07,5496
1800,201,223077307,4,3600,4.01003370413612,4.0133928571428603,-0.0033591530067330999,524.28714884751298,132.24507708500701,0.0022378764684722,0.0020299497603387001,0.00020792670813349999,9.3801145305593996e-07,5501
1800,251,273077457,4,3600,4.00913273907757,4.0133928571428603,-0.0042601180652867996,522.35637508615298,131.79275293587699,0.0023042873060383998,0.0020405366735544001,0.000263750632484,5.73890447950604e-07,5551
1800,256,278077472,4,3600,4.0093573732572496,4.0133928571428603,-0.0040354838856115002,529.55379436455598,133.58063641017,0.0022513063483219002,0.0020014639309898002,0.00024984241733200002,8.5213107666597503e-07,5556
1800,290,312077574,4,3600,4.0087124273615897,4.0133928571428603,-0.0046804297812651999,552.88136537189803,139.42102366437899,0.0021716816601276001,0.0018818170008397001,0.00028986465928790002,1.43938938152271e-07,5590
1800,293,315077583,4,3600,4.0140075284039796,4.0133928571428603,0.00061467126112280004,488.83868114952799,123.284943819246,0.0021996490321425999,0.0022376498899251999,-3.8000857782644199e-05,5.7854947242700905e-07,5593
1800,298,320077598,4,3600,4.0119729660679804,4.0133928571428603,-0.0014198910748799,511.74288644839402,129.055415038543,0.0021879999822089001,0.0021001596320910998,8.7840350117808903e-05,5.4063802315023604e-07,5598
1800,376,398077832,4,3600,4.0115525232785103,4.0133928571428603,-0.0018403338643436999,521.55669962162995,131.51511668051,0.0021588099163883999,0.0020449444485830001,0.0001138654678054,9.1682217593076303e-07,5676
1800,393,415077883,4,3600,4.0021502245309399,4.0133928571428603,-0.011242632611914201,635.74355826729698,160.35076800167599,0.0022255489913386999,0.0015278061463052999,0.00069774284503340003,7.7285914534168099e-07,5693
1800,423,445077973,4,3600,4.0185380580849399,4.0133928571428603,0.0051452009420830998,484.00677931729001,121.94580421657,0.0019506119079145,0.0022683171637266001,-0.000317705255812,7.8397081677237805e-07,5723
1800,428,450077988,4,3600,4.0090578777345298,4.0133928571428603,-0.0043349794083259998,656.50096149667297,165.255553116561,0.0017217229047401001,0.0014531217690809,0.00026860113565909999,2.78594936599242e-07,5728
1800,431,453077997,4,3600,4.01162245669863,4.0133928571428603,-0.0017704004442292999,558.81000205027703,140.79920284093799,0.0019625674636192,0.0018530010609245,0.0001095664026947,8.2439666747754995e-07,5731
1800,441,463078027,4,3600,4.0023781981619999,4.0133928571428603,-0.0110146589808533,617.58170005254897,155.80398107411099,0.0022807606845439,0.0015972698556283001,0.00068349082891549996,4.4221674399808702e-07,5741
1800,467,489078105,4,3600,4.0110365353309501,4.0133928571428603,-0.0023563218119084001,570.36315802923605,143.69982066638701,0.0019444298662460999,0.0017985684611023,0.0001458614051438,1.9508586233292101e-07,5767
1900,1,23177532,4,3800,4.0106300301223499,4.0126849894291796,-0.0020549593068216999,485.66607515337603,122.596033847839,0.0024286544188265001,0.0023014907913062,0.00012716362752019999,7.04580540587281e-07,5801
1900,3,25177538,4,3800,4.0063831051135796,4.0126849894291796,-0.0063018843155945997,609.08298174748904,153.528939277955,0.0020657182662916999,0.0016750081017614001,0.00039071016453020002,7.7912618090938196e-07,5803
1900,5,27177544,4,3800,4.0100500790334896,4.0126849894291796,-0.0026349103956890001,561.06538844226702,141.416060628997,0.0020491613671299999,0.0018859967537277001,0.00016316461340229999,7.5545730428820701e-07,5805
1900,26,48177607,4,3800,4.0124306369345604,4.0126849894291796,-0.0002543524946174,499.43514484763898,125.97351987275501,0.0022319888224634002,0.0022162521767981999,1.5736645665231099e-05,6.3267225427821595e-07,5826
1900,27,49177610,4,3800,4.0106763802771797,4.0126849894291796,-0.0020086091519936999,524.05517348617798,132.16636714753801,0.0021993367002303,0.0020750045716993,0.00012433212853090001,8.04095203393115e-07,5827
1900,31,53177622,4,3800,4.0048057459541999,4.0126849894291796,-0.0078792434749769998,621.45824236938802,156.67872388759801,0.0021146445660469998,0.0016259156651241,0.00048872890092289999,3.7124913731923702e-07,5831
1900,34,56177631,4,3800,4.0251493623410104,4.0126849894291796,0.012464372911836099,428.62431981193498,107.989688031676,0.0019448454979367001,0.0027129501609711999,-0.00076810466303439998,5.1469376371795397e-07,5834
1900,40,62177649,4,3800,4.0100797022430497,4.0126849894291796,-0.0026052871861201002,498.87577532288998,125.906707977176,0.0023808815845686002,0.0022196233101934,0.00016125827437510001,2.18119921400944e-07,5840
1900,45,67177664,4,3800,4.0133682150326297,4.0126849894291796,0.00068322560345539999,515.57559133821997,129.96622902636099,0.0020798719136848999,0.0021221298298764002,-4.2257916191466402e-05,9.9637013661485591e-07,5845
1900,50,72177679,4,3800,4.0022110625429699,4.0126849894291796,-0.010473926886208001,597.90998563557901,150.89519153136601,0.0023710845386932999,0.0017210768092534999,0.00065000772943979998,7.7918622831385504e-07,5850
1900,61,83177712,4,3800,4.0090091404952997,4.0126849894291796,-0.0036758489338798998,544.58026713291099,137.34024181240801,0.0021946719360084999,0.0019670117507341999,0.0002276601852743,7.6648147487130004e-07,5861
1900,63,85177718,4,3800,4.0132216331747603,4.0126849894291796,0.00053664374558950003,502.57231505143102,126.73079179200001,0.0021642915786785001,0.0021974845623807999,-3.3192983702283303e-05,9.6617356645825901e-07,5863
1900,70,92177739,4,3800,4.0130251790929101,4.0126849894291796,0.00034018966373129997,587.938342619982,148.009135857009,0.0017426150460743001,0.0017636707462263001,-2.1055700151967102e-05,6.6353776739739998e-07,5870
1900,71,93177742,4,3800,4.00613278261297,4.0126849894291796,-0.0065522068162087001,642.92093576228694,161.98494571626901,0.0019515802113509999,0.0015452547113855,0.0004063254999654,9.9141403889907999e-07,5871
1900,73,95177748,4,3800,4.0075724543920801,4.0126849894291796,-0.0051125350370914997,569.51647513011699,143.611033161542,0.0021630882209882,0.0018462829542965999,0.00031680526669159998,6.3786509625238605e-07,5873
1900,77,99177760,4,3800,4.0097973538084304,4.0126849894291796,-0.0028876356207429999,596.47234929423996,150.25496078209699,0.0019059952399848,0.0017271298217711999,0.00017886541821349999,3.26158180584848e-07,5877
1900,80,102177769,4,3800,4.0045794827904899,4.0126849894291796,-0.0081055066386852004,679.79180907444402,171.25417871869499,0.0019215095454914999,0.0014185774748478,0.00050293207064369997,8.66100390667452e-07,5880
1900,84,106177781,4,3800,4.0104205758218603,4.0126849894291796,-0.0022644136073147999,597.24057773625202,150.423479807707,0.0018641321690892,0.0017238916535148,0.00014024051557440001,3.5300288046931101e-07,5884
1900,89,111177796,4,3800,4.0086933588956803,4.0126849894291796,-0.0039916305334912004,555.36476124334604,140.04117993874601,0.0021607233869548,0.0019134680716225,0.00024725531533229998,8.8847988578584702e-07,5889
1900,90,112177799,4,3800,4.0177347026514001,4.0126849894291796,0.0050497132222221998,459.86368649707703,115.96065664600999,0.0021631084404997,0.0024749677021508,-0.00031185926165109998,7.4813515194553601e-07,5890
2000,98,120278798,4,4000,4.0068412777756199,4.01204819277108,-0.0052069149954617998,567.83826945079295,143.21803936466901,0.0022162507701134998,0.0018934907213038,0.00032276004880969999,6.4500591306403201e-07,5998
2000,123,145278873,4,4000,4.0044758592154803,4.01204819277108,-0.0075723335556022999,626.51411662806095,157.95402214747099,0.0021156634068991002,0.0016458456892188,0.00046981771768020002,7.2643787887730698e-07,6023
2000,134,156278906,4,4000,4.0087476566675901,4.01204819277108,-0.0033005361034952,605.15350522596202,152.459334664376,0.0019349774028786001,0.0017304403661062,0.00020453703677240001,9.7001565160967499e-07,6034
2000,157,179278975,4,4000,4.0057736581766603,4.01204819277108,-0.0062745345944286001,638.60741596047399,160.92246312660299,0.0019896560934435001,0.0016004613773502,0.00038919471609320002,4.0598699227097102e-07,6057
2000,175,197279029,4,4000,4.0101209494388499,4.01204819277108,-0.0019272433322381,561.92368427484496,141.62763048052,0.0020406853170616998,0.0019213229551995001,0.00011936236186219999,5.6513699440468698e-07,6075
2000,228,250279188,4,4000,4.0027274075799397,4.01204819277108,-0.0093207851911411999,552.844603851172,139.61731720074701,0.0025435108313593999,0.0019652050369007002,0.00057830579445860002,8.8618599347601896e-07,6128
2000,238,260279218,4,4000,4.0009333500831996,4.01204819277108,-0.011114842687889301,624.29227778147401,157.536776086489,0.0023445855302292001,0.0016543751092668001,0.00069021042096240005,5.1745633741503199e-07,6138
2000,260,282279284,4,4000,4.0057900459952096,4.01204819277108,-0.0062581467758713004,647.77578468427998,163.21059205895401,0.0019553770267919999,0.0015671832273360001,0.00038819379945599999,8.1680630056323397e-07,6160
2000,266,288279302,4,4000,4.0161777657027304,4.01204819277108,0.0041295729316441002,550.07750068921496,138.46743964486399,0.0017235107259831,0.0019788673478266,-0.0002553566218434,7.2465551863205199e-07,6166
2000,274,296279326,4,4000,4.00741861708741,4.01204819277108,-0.0046295756836770997,674.88451719255795,169.909715204191,0.0017611693197470001,0.0014740765541451,0.00028709276560180002,5.0428569642408597e-07,6174
2000,283,305279353,4,4000,4.0021594382673298,4.01204819277108,-0.0098887545037547007,628.26324967944504,158.481334511684,0.0022530716105789998,0.0016391733810007,0.00061389822957830004,8.0886343128262303e-07,6183
2000,290,312279374,4,4000,4.00219006374068,4.01204819277108,-0.0098581290304036,641.394268936245,161.76109548981901,0.0022022776382146,0.0015902453794325001,0.00061203225878200004,7.3441378469644302e-07,6190
2000,338,360279518,4,4000,4.0024897792450496,4.01204819277108,-0.0095584135260339993,593.59730951392498,149.80732550325899,0.0023719752468738999,0.0017787443757198,0.00059323087115409996,6.4055272921174903e-07,6238
2000,343,365279533,4,4000,3.9976292683789398,4.01204819277108,-0.0144189243921433,623.68291427209101,157.51289846813501,0.0025528515591465,0.0016567250148053999,0.00089612654434109999,9.3332138370469e-07,6243
2000,350,372279554,4,4000,4.0075863723154797,4.01204819277108,-0.0044618204556012,640.25512859584603,161.261727455645,0.0018710436717800001,0.0015944104739542,0.00027663319782579999,7.9437591320660801e-07,6250
2000,367,389279605,4,4000,4.0094072029443302,4.01204819277108,-0.0026409898267506999,593.39599960845999,149.502104323667,0.0019432291796932001,0.0017796025082739001,0.00016362667141919999,8.7932520913435696e-07,6267
2000,374,396279626,4,4000,4.0024284539751802,4.01204819277108,-0.0096197387959078007,609.95106184891301,153.89554816191199,0.0023080256560523002,0.0017109246121054999,0.00059710104394680003,5.7250995391355301e-07,6274
2000,385,407279659,4,4000,4.0043077612446503,4.01204819277108,-0.0077404315264314998,645.85955850469998,162.791726494991,0.0020543736658296999,0.0015740603970129999,0.00048031326881670003,5.4499723478334199e-07,6285
2000,404,426279716,4,4000,3.9983025427607299,4.01204819277108,-0.0137456500103585,676.15465110489799,170.61021508497799,0.0023242497943116,0.0014698972904154,0.00085435250389610004,8.0321901724298204e-07,6304
2000,424,446279776,4,4000,3.9994842255001402,4.01204819277108,-0.0125639672709403,632.630633645687,159.677990355502,0.0024031905241747998,0.001622674470296,0.00078051605387869998,7.1261688505312603e-07,6324
3000,3,26287437,4,6000,3.99178822174555,4.0080213903743296,-0.016233168628776402,949.88744290522197,239.45935201218199,0.0020923439937232998,0.0010798543690050001,0.0010124896247182,8.3937086654366402e-07,6403
3000,6,29287446,4,6000,3.99805390485704,4.0080213903743296,-0.0099674855172886007,838.303163329933,211.177560997039,0.0019107289995108001,0.0012901889339752999,0.00062054006553550003,7.3370517465646397e-07,6406
3000,12,35287464,4,6000,4.0019584720876002,4.0080213903743296,-0.0060629182867284002,729.21656960143503,183.71517138180801,0.0019349930326188001,0.0015580407732446,0.00037695225937420002,1.54099036991892e-07,6412
3000,20,43287488,4,6000,3.9958579753810302,4.0080213903743296,-0.0121634149932999,928.86388802569104,233.95616409502099,0.0018734629594617999,0.0011156197464551999,0.0007578432130066,2.2366578484137e-07,6420
3000,23,46287497,4,6000,4.0049639789155203,4.0080213903743296,-0.0030574114588092999,685.29142689789705,172.61112926548199,0.0018798900590936999,0.0016899764470141999,0.00018991361207950001,8.6389377020875705e-07,6423
3000,29,52287515,4,6000,4.0009971235451296,4.0080213903743296,-0.0070242668292008004,765.37879592344598,192.79713680325401,0.0018976718849916,0.0014607877545624,0.00043688413042909999,7.2337779878917198e-07,6429
3000,36,59287536,4,6000,3.9967688889881998,4.0080213903743296,-0.0112525013861347,871.99603203578999,219.67484092859101,0.0019218354878647,0.0012210053173723999,0.00070083017049230002,7.16655598451258e-07,6436
3000,41,64287551,4,6000,3.9906637863917398,4.0080213903743296,-0.017357603982591101,914.48257021583902,230.654335080675,0.0022238723765233,0.0011410325194933001,0.0010828398570298999,9.4319502580333196e-07,6441
3000,47,70287569,4,6000,3.9898628538984999,4.0080213903743296,-0.018158536475831401,871.46747230866504,219.91913759506701,0.0023549582550272002,0.0012220493384448,0.0011329089165823,3.5575381454715698e-07,6447
3000,48,71287572,4,6000,4.00001967805495,4.0080213903743296,-0.0080017123193830992,737.14271830385496,185.784775929874,0.0020336582274859002,0.0015359080428907,0.00049775018459509998,6.8563094496903498e-07,6448
3000,49,72287575,4,6000,3.99503230645161,4.0080213903743296,-0.0129890839227249,855.99197104780001,215.763470606022,0.0020624934623049,0.0012531883438929999,0.00080930511841190004,8.5216537889821698e-07,6449
3000,53,76287587,4,6000,3.9935845712213598,4.0080213903743296,-0.0144368191529698,879.25462141839398,221.66596795523901,0.0021066850893002999,0.0012067949944879,0.00089989009481230002,6.5592706654571704e-07,6453
3000,55,78287593,4,6000,3.9985817970564099,4.0080213903743296,-0.0094395933179253991,813.35389760471696,204.91041571188299,0.0019326658608664999,0.0013451124076483999,0.00058755345321809998,4.6089152364620801e-07,6455
3000,63,86287617,4,6000,3.99316579145066,4.0080213903743296,-0.0148555989236692,904.92871965717302,228.118515113055,0.0020845124679837999,0.0011583613608196,0.00092615110716419999,7.4824954069450203e-07,6463
3000,67,90287629,4,6000,3.9903166945262898,4.0080213903743296,-0.0177046958480385,833.34160492967897,210.33975669657701,0.0024052026831493001,0.0013008493664401,0.0011043533167090999,9.4412227340850599e-07,6467
3000,70,93287638,4,6000,3.9914668450528099,4.0080213903743296,-0.016554545321518298,896.63114929952303,226.13593384055099,0.0022061987442839001,0.0011737111931140001,0.0010324875511698,8.1639210032558799e-07,6470
3000,78,101287662,4,6000,3.9942499693819098,4.0080213903743296,-0.0137714209924167,882.93890146440401,222.551770245792,0.0020579508691681001,0.0011996715801237,0.00085827928904429998,8.8888741288843501e-07,6478
3000,81,104287671,4,6000,3.9953629455747399,4.0080213903743296,-0.0126584447995883,947.831744670695,238.73237136630499,0.001872099355828,0.0010832815485074,0.00078881780732060005,8.7159926517849295e-07,6481
3000,87,110287689,4,6000,3.9913627706135402,4.0080213903743296,-0.016658619760790701,866.40604932556903,218.56915171475299,0.0022710360631632001,0.0012321112584567,0.0010389248047065001,7.7670502707802501e-07,6487
3000,94,117287710,4,6000,3.9905065356744398,4.0080213903743296,-0.017514854699893799,861.85419495269196,217.47494967697699,0.0023338065192276001,0.0012412611083376999,0.0010925454108898999,5.0113512189434099e-07,6494
3162,90,113451232,4,6324,3.9968614202674,4.0076093849080499,-0.0107479646406485,831.48325344092905,209.53365358887601,0.0019998481289459002,0.0013304632952473,0.00066938483369860004,9.52965157704896e-07,6590
3162,106,129451280,4,6324,3.9934862342892998,4.0076093849080499,-0.014123150618748701,869.97362735489901,219.34734631489701,0.0021310295138590001,0.0012505979123905999,0.00088043160146829996,9.3671130546530495e-07,6606
3162,109,132451289,4,6324,3.9955762825093299,4.0076093849080499,-0.012033102398722999,825.18492178056499,208.024078847499,0.0020938923588532999,0.0013442413141993,0.00074965104465399995,9.4821871233316304e-07,6609
3162,112,135451298,4,6324,3.9890655436390698,4.0076093849080499,-0.0185438412689845,998.59105395422898,251.83070446073,0.0021860209577566998,0.0010283835632425001,0.0011576373945141999,6.0296237375094201e-07,6612
3162,206,229451580,4,6324,3.9949158169588999,4.0076093849080499,-0.012693567949158,852.304460716942,214.84665301161101,0.0020773537086576001,0.0012863648090346001,0.0007909888996229,8.5861244384099504e-07,6706
3162,257,280451733,4,6324,3.9948838949144201,4.0076093849080499,-0.012725489993631101,920.56097389857803,231.93433555008599,0.0019489117248188,0.0011557889715275,0.00079312275329119998,3.0496896266695999e-07,6757
3162,269,292451769,4,6324,3.9906247227335401,4.0076093849080499,-0.016984662174517301,932.94088914695396,235.28199351987999,0.0021938916569653002,0.0011341529688657999,0.0010597386880993999,8.4646557342863405e-07,6769
3162,274,297451784,4,6324,3.9894090947104601,4.0076093849080499,-0.018200290197591101,935.794837914813,236.068458768098,0.0022651859184417002,0.0011292464051635999,0.0011359395132780001,5.3791360502720202e-07,6774
3162,276,299451790,4,6324,3.9913466403515701,4.0076093849080499,-0.016262744556488198,1011.0964540554299,254.821051365106,0.0020244733754504998,0.0010097933926574,0.0010146799827931,6.9047040376356695e-07,6776
3162,309,332451889,4,6324,3.99591762427869,4.0076093849080499,-0.011691760629363401,994.11087124071503,250.281111992105,0.0017637813172067,0.0010351574709294999,0.00072862384627710001,8.2160963494307897e-07,6809
3162,311,334451895,4,6324,3.9862032624650601,4.0076093849080499,-0.021406122442992399,940.48122388904903,237.43235608068699,0.0024583692366168001,0.0011212540767386,0.0013371151598781,6.7878454671589797e-07,6811
3162,345,368451997,4,6324,3.9897829180744,4.0076093849080499,-0.017826466833657899,997.31532325067701,251.466034233866,0.0021429565668666002,0.0010303062338501,0.0011126503330164,5.8824973864536599e-07,6845
3162,362,385452048,4,6324,3.99120098110442,4.0076093849080499,-0.016408403803635601,826.82737122849699,208.66144887592699,0.0023639832652109002,0.0013406281148379,0.0010233551503729,9.0387344426054697e-07,6862
3162,369,392452069,4,6324,3.9917419878225,4.0076093849080499,-0.015867397085554701,934.51005735815397,235.60980277584,0.0021212061022711001,0.0011314515157421999,0.00098975458652879995,4.0285984584396702e-07,6869
3162,388,411452126,4,6324,3.9907846227387398,4.0076093849080499,-0.0168247621693167,896.64009753765197,226.17649206004401,0.0022489153464900998,0.0011992872843602999,0.0010496280621297999,9.11943599639779e-07,6888
3162,397,420452153,4,6324,3.99375426032841,4.0076093849080499,-0.0138551245796421,913.60836976126097,230.25850320657401,0.0020319546401964999,0.0011681969466891,0.00086375769350739999,3.1122531567597e-07,6897
3162,422,445452228,4,6324,3.9944667006613801,4.0076093849080499,-0.0131426842466693,850.08707809719897,214.31547016800999,0.0021100198908156,0.0012909583596387999,0.00081906153117670001,9.3160117894047597e-07,6922
3162,447,470452303,4,6324,3.9958585200931598,4.0076093849080499,-0.011750864814892299,1057.8930114662401,266.24684637343103,0.0016765339099961999,0.00094412662914490002,0.00073240728085130003,4.4430550561262202e-07,6947
3162,470,493452372,4,6324,3.9944698327062902,4.0076093849080499,-0.0131395522017614,943.32604113802404,237.65731658848901,0.0019354986763430999,0.0011164411587499001,0.00081905751759319995,9.5702734662814904e-07,6970
3162,477,500452393,4,6324,3.99495839662612,4.0076093849080499,-0.0126509882819317,837.74612061407504,211.20020601812999,0.0021052629444806002,0.0013169682821330001,0.00078829466234750002,9.3101345355006505e-07,6977
5000,90,115305774,4,10000,3.9819860940569698,4.0048076923076898,-0.022821598250720901,1395.4940655262999,351.94950550627999,0.0022042294558559002,0.00077519820460990004,0.001429031251246,5.50269348609616e-07,7090
5000,99,124305801,4,10000,3.9804442304011101,4.0048076923076898,-0.024363461906577601,1352.6658536406501,341.32540562242298,0.0023353455724175998,0.00080924501509460004,0.0015261005573228999,9.5847499383527998e-07,7099
5000,107,132305825,4,10000,3.98404976148321,4.0048076923076898,-0.020757930824479898,1472.5056720134501,371.09821946427797,0.0020181935576880001,0.00071895938142989995,0.0012992341762580999,3.6152708304096001e-07,7107
5000,126,151305882,4,10000,3.9883401988095399,4.0048076923076898,-0.0164674934981539,1250.64649457357,315.07421732099402,0.001929077231711,0.00089973958186579999,0.0010293376498452,8.9540476879667797e-07,7126
5000,147,172305945,4,10000,3.9883572742079099,4.0048076923076898,-0.0164504180997826,1361.9660630183701,342.98400713476201,0.001830068639629,0.00080166969611759995,0.0010283989435113999,9.9018192918970409e-07,7147
5000,165,190305999,4,10000,3.9850594045720098,4.0048076923076898,-0.019748287735684,1130.33694147186,285.14181208775102,0.0022626675515495,0.0010274489139771999,0.0012352186375722001,9.3825005403641602e-07,7165
5000,182,207306050,4,10000,3.98524474943703,4.0048076923076898,-0.019562942870659801,1409.75718144949,355.242340075193,0.0019883173852235001,0.00076431875026590002,0.0012239986349575,4.2662426941258003e-07,7182
5000,237,262306215,4,10000,3.9842388512265501,4.0048076923076898,-0.020568841081138899,1380.5500385160101,348.00085235170502,0.0020740593551983001,0.00078683819197979999,0.0012872211632185,2.49964459819463e-07,7237
5000,264,289306296,4,10000,3.9837645455407702,4.0048076923076898,-0.021043146766920501,1508.3608930942701,380.12497956810302,0.0020119563616564002,0.00069473486168190001,0.0013172214999745001,5.9354663535544699e-07,7264
5000,270,295306314,4,10000,3.9851424436091198,4.0048076923076898,-0.019665248698572699,1278.57849432996,322.33447001555697,0.0021037788802138,0.00087352728513289996,0.0012302515950809001,3.4171330046703402e-07,7270
5000,290,315306374,4,10000,3.9794001382005999,4.0048076923076898,-0.0254075541070975,1374.77157619782,346.96947489658697,0.0023833638284802001,0.00079140691258769999,0.0015919569158924999,2.9596545450229302e-07,7290
5000,301,326306407,4,10000,3.9853451410798901,4.0048076923076898,-0.0194625512278002,1439.5035871305699,362.697387826306,0.0019600444687241998,0.00074232281458399998,0.0012177216541400999,9.6930054586049203e-07,7301
5000,308,333306428,4,10000,3.9839423723278098,4.0048076923076898,-0.020865319979886301,1333.44223486225,336.20218650318799,0.0021310467850289999,0.00082523821712599996,0.0013058085679028999,9.5098909172925397e-07,7308
5000,326,351306482,4,10000,3.9917758915736199,4.0048076923076898,-0.0130318007340708,989.96074578764103,249.49905370972601,0.0020292393121280001,0.0012156978735308999,0.00081354143859710003,9.9270271673007903e-07,7326
5000,330,355306494,4,10000,3.9868258765611899,4.0048076923076898,-0.017981815746499,1350.3746451719901,340.207558298398,0.0019356828230939001,0.00081112729764230005,0.0011245555254515,6.3882869169233204e-07,7330
5000,344,369306536,4,10000,3.98767289660872,4.0048076923076898,-0.0171347956989738,1407.21565594617,354.389900778487,0.0018376620392319999,0.00076624119786029995,0.0010714208413716,9.0906105065325898e-07,7344
5000,412,437306740,4,10000,3.9812965232883899,4.0048076923076898,-0.023511169019301299,1338.13725384029,337.60355137693898,0.0022936645011999999,0.00082128975937489999,0.0014723747418249999,7.7992758297835803e-07,7412
5000,429,454306791,4,10000,3.9829233425333301,4.0048076923076898,-0.0218843497743673,1353.58586572689,341.34518684950001,0.0021784509519783002,0.00080849099623850004,0.0013699599557398,8.7556797388846197e-07,7429
5000,432,457306800,4,10000,3.9865325506699598,4.0048076923076898,-0.018275141637728701,1444.57334636317,363.86167505756202,0.0018817587030900999,0.00073866434037739997,0.0011430943627126001,9.2629357643320496e-07,7432
5000,492,517306980,4,10000,3.9865341934768299,4.0048076923076898,-0.018273498830861701,1250.29225067026,315.127189671726,0.0020428239899835002,0.00090007953675109997,0.0011427444532323,8.3021559859801103e-07,7492
7000,5,32323443,4,14000,3.9817132349355,4.0034324942791804,-0.021719259343672401,1833.861915487,462.068771339536,0.0019648657498992001,0.00060383279937869995,0.0013610329505205001,5.1806411710856805e-07,7505
7000,15,42323473,4,14000,3.9813752560950602,4.0034324942791804,-0.022057238184116201,1664.06214421715,419.45930448550598,0.0020694950865785999,0.00068731930608759997,0.0013821757804909,7.5875228495167896e-07,7515
7000,18,45323482,4,14000,3.9798535611999899,4.0034324942791804,-0.0235789330791909,1806.9279402607001,455.51616890637598,0.0020942638369159999,0.00061602854486380004,0.0014782352920521,9.0693944440306898e-07,7518
7000,25,52323503,4,14000,3.9825150000905598,4.0034324942791804,-0.020917494188619198,1750.0102478486201,440.92119605113999,0.0019534937542158002,0.00064303584806010004,0.0013104579061557001,9.6685379422481197e-07,7525
7000,27,54323509,4,14000,3.9804616677111202,4.0034324942791804,-0.022970826568051699,1865.58460742442,470.18302895224298,0.0020298608173915001,0.00058992034307159995,0.0014399404743199,6.1324498678836695e-07,7527
7000,31,58323521,4,14000,3.9765143974585402,4.0034324942791804,-0.026918096820637501,1795.70617953838,453.07498688529398,0.0023102008825100001,0.00062121774301299995,0.0016889831394968999,8.2386905752630101e-07,7531
7000,45,72323563,4,14000,3.9819214680400901,4.0034324942791804,-0.0215110262390894,1690.5986994172599,426.06629889505598,0.0020209550864546998,0.00067316626281869996,0.0013477888236360001,6.1527862310131797e-07,7545
7000,46,73323566,4,14000,3.9783130224407999,4.0034324942791804,-0.0251194718383774,1816.8926336204399,458.19653915789598,0.0021869100458997001,0.00061147437523969997,0.0015754356706599,6.2773425171446296e-07,7546
7000,60,87323608,4,14000,3.9791921187516901,4.0034324942791804,-0.024240375527484499,1868.8755837670301,471.15945066947597,0.0021085163517281002,0.00058850407722789997,0.0015200122745001,9.16583984056496e-07,7560
7000,62,89323614,4,14000,3.9825014450775398,4.0034324942791804,-0.020931049201639199,1722.65305716334,434.05334131256899,0.0019679395149465998,0.00065665181371890005,0.0013112877012276,4.7885731030650101e-07,7562
7000,69,96323635,4,14000,3.9788216196922002,4.0034324942791804,-0.024610874586974901,1785.43859562485,450.23286061702402,0.0021693334737484999,0.00062602285402949996,0.0015433106197189001,8.1072309599214997e-07,7569
7000,73,100323647,4,14000,3.9829818802417098,4.0034324942791804,-0.020450614037467001,1944.0158295123399,489.57837453541202,0.0018386769814645999,0.00055747221882519998,0.0012812047626394,3.7465652669700599e-07,7573
7000,77,104323659,4,14000,3.98039257892203,4.0034324942791804,-0.0230399153571508,1528.3426634367399,385.46535734188802,0.0022113440680259001,0.00076738883492590004,0.0014439552330999001,8.6497337714573505e-07,7577
7000,88,115323692,4,14000,3.9793881606846799,4.0034324942791804,-0.024044333594500901,1998.2940085509099,503.65852894230102,0.0020442571448908002,0.00053650786663669999,0.001507749278254,3.1385280212788998e-07,7588
7000,91,118323701,4,14000,3.9829276665634801,4.0034324942791804,-0.020504827715691801,1752.0031463113,441.37608001231399,0.0019265338887057,0.00064206057762389995,0.0012844733110817001,4.58534172532449e-07,7591
7000,92,119323704,4,14000,3.9832757450389402,4.0034324942791804,-0.0201567492402366,1639.1390758068101,413.00319656856499,0.0019634866036478001,0.00070102911892280003,0.001262457484725,9.2925710366323799e-07,7592
7000,93,120323707,4,14000,3.9785427838756098,4.0034324942791804,-0.024889710403568799,2088.71109666046,526.49130504076095,0.0020651639580704,0.00050400451718400001,0.0015611594408864,7.3247237150117999e-07,7593
7000,95,122323713,4,14000,3.9799722258073702,4.0034324942791804,-0.0234602684718026,1888.6587030163801,476.03815959694703,0.0020509178480290998,0.00058009445948710003,0.0014708233885419001,8.3228497971709703e-07,7595
7000,96,123323716,4,14000,3.9803258091730598,4.0034324942791804,-0.023106685106119702,1813.7511004324399,457.17658272878703,0.0020613675271015002,0.00061290475073039999,0.0014484627763711,7.4496496316529003e-07,7596
7000,99,126323725,4,14000,3.9833684849626501,4.0034324942791804,-0.0200640093165219,1695.55901697066,427.15750757147902,0.0019272424587451001,0.0006705698640172,0.0012566725947277999,3.4615268106942001e-07,7599
10000,2,32350434,4,20000,3.97728553059207,4.0024019215372304,-0.0251163909451586,2365.9303233640899,596.35771158883995,0.0020605555031249999,0.00048409689333989999,0.0015764586097851,9.3032764650174603e-07,7602
10000,7,37350449,4,20000,3.97747276575529,4.0024019215372304,-0.024929155781941801,2621.7920178622599,660.65743679964601,0.0019869739089100999,0.00042221220458999999,0.0015647617043199999,9.0334714807946898e-07,7607
10000,12,42350464,4,20000,3.9784038007700899,4.0024019215372304,-0.0239981207671391,2568.03679294741,646.99153939162102,0.0019401362038308999,0.00043419061892600001,0.0015059455849049,7.8806701055587003e-07,7612
10000,15,45350473,4,20000,3.9767343611923298,4.0024019215372304,-0.025667560344896999,2451.2988325166102,617.90707665735897,0.0020733369839643001,0.00046201289962509998,0.0016113240843391001,7.5400856552901903e-07,7615
10000,17,47350479,4,20000,3.9759855075788502,4.0024019215372304,-0.026416413958380201,2464.5183794346499,621.34792712839806,0.0021173841969611999,0.00045872993368159998,0.0016586542632795001,7.7313256688369098e-07,7617
10000,18,48350482,4,20000,3.9781685584671198,4.0024019215372304,-0.024233363070112399,2602.5156625658901,655.69670218698798,0.0019472645711261999,0.00042645069749350001,0.0015208138736327,9.5743486352754999e-07,7618
10000,29,59350515,4,20000,3.9784318330008799,4.0024019215372304,-0.0239700885363461,2625.1187835850601,661.33485694125898,0.0019256884970702999,0.00042148701234989998,0.0015042014847204,9.728401677817781e-07,7629
10000,30,60350518,4,20000,3.9772142351321702,4.0024019215372304,-0.025187686405056201,2572.5948371407399,648.33049366005002,0.0020142248208127001,0.0004331555148402,0.0015810693059724,4.8975782926537698e-07,7630
10000,31,61350521,4,20000,3.9782141446982702,4.0024019215372304,-0.0241877768389567,2462.2654407681998,620.434642159443,0.0019771556253799999,0.00045928694056810002,0.0015178686848119,6.0819713216996799e-07,7631
10000,32,62350524,4,20000,3.9778243214439799,4.0024019215372304,-0.0245776000932518,2461.09798512426,620.20175813510104,0.0020020583836234999,0.00045957597843350001,0.0015424824051899,8.9912013413173202e-07,7632
10000,46,76350566,4,20000,3.97881380001049,4.0024019215372304,-0.0235881215267373,2730.31710449498,687.71117995503403,0.0018795999273639001,0.0003994666284893,0.0014801332988745,5.5659306124342903e-07,7646
10000,53,83350587,4,20000,3.9776768009000398,4.0024019215372304,-0.0247251206371857,2373.0201326909701,598.08164562799698,0.0020339534371253002,0.00048220232921740002,0.0015517511079078999,5.8856221060621205e-07,7653
10000,57,87350599,4,20000,3.97813424132592,4.0024019215372304,-0.024267680211314001,2489.2997150268902,627.24278055205605,0.0019755964963346999,0.0004526696411948,0.0015229268551399,8.55303260994877e-07,7657
10000,65,95350623,4,20000,3.97892548790418,4.0024019215372304,-0.0234764336330451,2609.99356214101,657.45172112518901,0.0018978324934538001,0.00042479902107929999,0.0014730334723745001,4.10146630430933e-07,7665
10000,71,101350641,4,20000,3.9733757270191901,4.0024019215372304,-0.0290261945180381,2532.1229500376899,638.76911583310903,0.0022662321051988999,0.00044247679150229998,0.0018237553136966,8.6752950170998199e-07,7671
10000,82,112350674,4,20000,3.9811427602159402,4.0024019215372304,-0.0212591613212894,2425.9204560560302,610.85042362388901,0.0018015057332032001,0.00046841568798950003,0.0013330900452136001,5.3207763793955302e-07,7682
10000,86,116350686,4,20000,3.9785700384016001,4.0024019215372304,-0.023831883135631698,2742.9754245194499,690.93481793122601,0.0018924565473546001,0.00039693080400120002,0.0014955257433533001,2.38498867774008e-07,7686
10000,88,118350692,4,20000,3.9766746021697199,4.0024019215372304,-0.025727319367511398,2667.3123303387601,672.23646527063704,0.0020276525641303002,0.00041244632755260002,0.0016152062365776001,9.7285587317176404e-07,7688
10000,91,121350701,4,20000,3.9729288636886699,4.0024019215372304,-0.0294730578485582,2751.8056589682301,694.13563647309297,0.0022473322964793002,0.00039517566836110002,0.0018521566281182,9.7454347212147393e-07,7691
10000,99,129350725,4,20000,3.9794450278451401,4.0024019215372304,-0.0229568936920908,2405.1669949033699,605.89501032857402,0.0019139051934791999,0.0004737520695017,0.0014401531239774999,6.9599891912635898e-07,7699
